circuit_name,circuit_family,circuit_types
RCS.A12B1,600A,['RCS']
RCS.A12B2,600A,['RCS']
RCS.A23B1,600A,['RCS']
RCS.A23B2,600A,['RCS']
RCS.A34B1,600A,['RCS']
RCS.A34B2,600A,['RCS']
RCS.A45B1,600A,['RCS']
RCS.A45B2,600A,['RCS']
RCS.A56B1,600A,['RCS']
RCS.A56B2,600A,['RCS']
RCS.A67B1,600A,['RCS']
RCS.A67B2,600A,['RCS']
RCS.A78B1,600A,['RCS']
RCS.A78B2,600A,['RCS']
RCS.A81B1,600A,['RCS']
RCS.A81B2,600A,['RCS']
RQ6.L3B1,600A,
RQ6.L3B2,600A,
RQ6.L7B1,600A,
RQ6.L7B2,600A,
RQ6.R3B1,600A,
RQ6.R3B2,600A,
RQ6.R7B1,600A,
RQ6.R7B2,600A,
RQS.A12B2,600A,['RQS']
RQS.A23B1,600A,['RQS']
RQS.A34B2,600A,['RQS']
RQS.A45B1,600A,['RQS']
RQS.A56B2,600A,['RQS']
RQS.A67B1,600A,['RQS']
RQS.A78B2,600A,['RQS']
RQS.A81B1,600A,['RQS']
RQS.L1B2,600A,['RQS']
RQS.L2B1,600A,['RQS']
RQS.L3B2,600A,['RQS']
RQS.L4B1,600A,['RQS']
RQS.L5B2,600A,['RQS']
RQS.L6B1,600A,['RQS']
RQS.L7B2,600A,['RQS']
RQS.L8B1,600A,['RQS']
RQS.R1B1,600A,['RQS']
RQS.R2B2,600A,['RQS']
RQS.R3B1,600A,['RQS']
RQS.R4B2,600A,['RQS']
RQS.R5B1,600A,['RQS']
RQS.R6B2,600A,['RQS']
RQS.R7B1,600A,['RQS']
RQS.R8B2,600A,['RQS']
RQT12.L1B1,600A,['RQT_12_13']
RQT12.L1B2,600A,['RQT_12_13']
RQT12.L2B1,600A,['RQT_12_13']
RQT12.L2B2,600A,['RQT_12_13']
RQT12.L3B1,600A,['RQT_12_13']
RQT12.L3B2,600A,['RQT_12_13']
RQT12.L4B1,600A,['RQT_12_13']
RQT12.L4B2,600A,['RQT_12_13']
RQT12.L5B1,600A,['RQT_12_13']
RQT12.L5B2,600A,['RQT_12_13']
RQT12.L6B1,600A,['RQT_12_13']
RQT12.L6B2,600A,['RQT_12_13']
RQT12.L7B1,600A,['RQT_12_13']
RQT12.L7B2,600A,['RQT_12_13']
RQT12.L8B1,600A,['RQT_12_13']
RQT12.L8B2,600A,['RQT_12_13']
RQT12.R1B1,600A,['RQT_12_13']
RQT12.R1B2,600A,['RQT_12_13']
RQT12.R2B1,600A,['RQT_12_13']
RQT12.R2B2,600A,['RQT_12_13']
RQT12.R3B1,600A,['RQT_12_13']
RQT12.R3B2,600A,['RQT_12_13']
RQT12.R4B1,600A,['RQT_12_13']
RQT12.R4B2,600A,['RQT_12_13']
RQT12.R5B1,600A,['RQT_12_13']
RQT12.R5B2,600A,['RQT_12_13']
RQT12.R6B1,600A,['RQT_12_13']
RQT12.R6B2,600A,['RQT_12_13']
RQT12.R7B1,600A,['RQT_12_13']
RQT12.R7B2,600A,['RQT_12_13']
RQT12.R8B1,600A,['RQT_12_13']
RQT12.R8B2,600A,['RQT_12_13']
RQT13.L1B1,600A,['RQT_12_13']
RQT13.L1B2,600A,['RQT_12_13']
RQT13.L2B1,600A,['RQT_12_13']
RQT13.L2B2,600A,['RQT_12_13']
RQT13.L3B1,600A,['RQT_12_13']
RQT13.L3B2,600A,['RQT_12_13']
RQT13.L4B1,600A,['RQT_12_13']
RQT13.L4B2,600A,['RQT_12_13']
RQT13.L5B1,600A,['RQT_12_13']
RQT13.L5B2,600A,['RQT_12_13']
RQT13.L6B1,600A,['RQT_12_13']
RQT13.L6B2,600A,['RQT_12_13']
RQT13.L7B1,600A,['RQT_12_13']
RQT13.L7B2,600A,['RQT_12_13']
RQT13.L8B1,600A,['RQT_12_13']
RQT13.L8B2,600A,['RQT_12_13']
RQT13.R1B1,600A,['RQT_12_13']
RQT13.R1B2,600A,['RQT_12_13']
RQT13.R2B1,600A,['RQT_12_13']
RQT13.R2B2,600A,['RQT_12_13']
RQT13.R3B1,600A,['RQT_12_13']
RQT13.R3B2,600A,['RQT_12_13']
RQT13.R4B1,600A,['RQT_12_13']
RQT13.R4B2,600A,['RQT_12_13']
RQT13.R5B1,600A,['RQT_12_13']
RQT13.R5B2,600A,['RQT_12_13']
RQT13.R6B1,600A,['RQT_12_13']
RQT13.R6B2,600A,['RQT_12_13']
RQT13.R7B1,600A,['RQT_12_13']
RQT13.R7B2,600A,['RQT_12_13']
RQT13.R8B1,600A,['RQT_12_13']
RQT13.R8B2,600A,['RQT_12_13']
RQTD.A12B1,600A,['RQT']
RQTD.A12B2,600A,['RQT']
RQTD.A23B1,600A,['RQT']
RQTD.A23B2,600A,['RQT']
RQTD.A34B1,600A,['RQT']
RQTD.A34B2,600A,['RQT']
RQTD.A45B1,600A,['RQT']
RQTD.A45B2,600A,['RQT']
RQTD.A56B1,600A,['RQT']
RQTD.A56B2,600A,['RQT']
RQTD.A67B1,600A,['RQT']
RQTD.A67B2,600A,['RQT']
RQTD.A78B1,600A,['RQT']
RQTD.A78B2,600A,['RQT']
RQTD.A81B1,600A,['RQT']
RQTD.A81B2,600A,['RQT']
RQTF.A12B1,600A,['RQT']
RQTF.A12B2,600A,['RQT']
RQTF.A23B1,600A,['RQT']
RQTF.A23B2,600A,['RQT']
RQTF.A34B1,600A,['RQT']
RQTF.A34B2,600A,['RQT']
RQTF.A45B1,600A,['RQT']
RQTF.A45B2,600A,['RQT']
RQTF.A56B1,600A,['RQT']
RQTF.A56B2,600A,['RQT']
RQTF.A67B1,600A,['RQT']
RQTF.A67B2,600A,['RQT']
RQTF.A78B1,600A,['RQT']
RQTF.A78B2,600A,['RQT']
RQTF.A81B1,600A,['RQT']
RQTF.A81B2,600A,['RQT']
RQTL10.L3B1,600A,['RQTL_7_8_10_11']
RQTL10.L3B2,600A,['RQTL_7_8_10_11']
RQTL10.L7B1,600A,['RQTL_7_8_10_11']
RQTL10.L7B2,600A,['RQTL_7_8_10_11']
RQTL10.R3B1,600A,['RQTL_7_8_10_11']
RQTL10.R3B2,600A,['RQTL_7_8_10_11']
RQTL10.R7B1,600A,['RQTL_7_8_10_11']
RQTL10.R7B2,600A,['RQTL_7_8_10_11']
RQTL11.L1B1,600A,['RQTL_7_8_10_11']
RQTL11.L1B2,600A,['RQTL_7_8_10_11']
RQTL11.L2B1,600A,['RQTL_7_8_10_11']
RQTL11.L2B2,600A,['RQTL_7_8_10_11']
RQTL11.L3B1,600A,['RQTL_7_8_10_11']
RQTL11.L3B2,600A,['RQTL_7_8_10_11']
RQTL11.L4B1,600A,['RQTL_7_8_10_11']
RQTL11.L4B2,600A,['RQTL_7_8_10_11']
RQTL11.L5B1,600A,['RQTL_7_8_10_11']
RQTL11.L5B2,600A,['RQTL_7_8_10_11']
RQTL11.L6B1,600A,['RQTL_7_8_10_11']
RQTL11.L6B2,600A,['RQTL_7_8_10_11']
RQTL11.L7B1,600A,['RQTL_7_8_10_11']
RQTL11.L7B2,600A,['RQTL_7_8_10_11']
RQTL11.L8B1,600A,['RQTL_7_8_10_11']
RQTL11.L8B2,600A,['RQTL_7_8_10_11']
RQTL11.R1B1,600A,['RQTL_7_8_10_11']
RQTL11.R1B2,600A,['RQTL_7_8_10_11']
RQTL11.R2B1,600A,['RQTL_7_8_10_11']
RQTL11.R2B2,600A,['RQTL_7_8_10_11']
RQTL11.R3B1,600A,['RQTL_7_8_10_11']
RQTL11.R3B2,600A,['RQTL_7_8_10_11']
RQTL11.R4B1,600A,['RQTL_7_8_10_11']
RQTL11.R4B2,600A,['RQTL_7_8_10_11']
RQTL11.R5B1,600A,['RQTL_7_8_10_11']
RQTL11.R5B2,600A,['RQTL_7_8_10_11']
RQTL11.R6B1,600A,['RQTL_7_8_10_11']
RQTL11.R6B2,600A,['RQTL_7_8_10_11']
RQTL11.R7B1,600A,['RQTL_7_8_10_11']
RQTL11.R7B2,600A,['RQTL_7_8_10_11']
RQTL11.R8B1,600A,['RQTL_7_8_10_11']
RQTL11.R8B2,600A,['RQTL_7_8_10_11']
RQTL7.L3B1,600A,['RQTL_7_8_10_11']
RQTL7.L3B2,600A,['RQTL_7_8_10_11']
RQTL7.L7B1,600A,['RQTL_7_8_10_11']
RQTL7.L7B2,600A,['RQTL_7_8_10_11']
RQTL7.R3B1,600A,['RQTL_7_8_10_11']
RQTL7.R3B2,600A,['RQTL_7_8_10_11']
RQTL7.R7B1,600A,['RQTL_7_8_10_11']
RQTL7.R7B2,600A,['RQTL_7_8_10_11']
RQTL8.L3B1,600A,['RQTL_7_8_10_11']
RQTL8.L3B2,600A,['RQTL_7_8_10_11']
RQTL8.L7B1,600A,['RQTL_7_8_10_11']
RQTL8.L7B2,600A,['RQTL_7_8_10_11']
RQTL8.R3B1,600A,['RQTL_7_8_10_11']
RQTL8.R3B2,600A,['RQTL_7_8_10_11']
RQTL8.R7B1,600A,['RQTL_7_8_10_11']
RQTL8.R7B2,600A,['RQTL_7_8_10_11']
RQTL9.L3B1,600A,['RQTL9']
RQTL9.L3B2,600A,['RQTL9']
RQTL9.L7B1,600A,['RQTL9']
RQTL9.L7B2,600A,['RQTL9']
RQTL9.R3B1,600A,['RQTL9']
RQTL9.R3B2,600A,['RQTL9']
RQTL9.R7B1,600A,['RQTL9']
RQTL9.R7B2,600A,['RQTL9']
RSD1.A12B1,600A,['RSD_11magnets']
RSD1.A12B2,600A,['RSD_11magnets']
RSD1.A23B1,600A,['RSD_11magnets']
RSD1.A23B2,600A,['RSD_11magnets']
RSD1.A34B1,600A,['RSD_11magnets']
RSD1.A34B2,600A,['RSD_11magnets']
RSD1.A45B1,600A,['RSD_11magnets']
RSD1.A45B2,600A,['RSD_11magnets']
RSD1.A56B1,600A,['RSD_11magnets']
RSD1.A56B2,600A,['RSD_11magnets']
RSD1.A67B1,600A,['RSD_11magnets']
RSD1.A67B2,600A,['RSD_11magnets']
RSD1.A78B1,600A,['RSD_11magnets']
RSD1.A78B2,600A,['RSD_11magnets']
RSD1.A81B1,600A,['RSD_11magnets']
RSD1.A81B2,600A,['RSD_11magnets']
RSD2.A12B1,600A,['RSD_11magnets']
RSD2.A12B2,600A,['RSD_11magnets']
RSD2.A23B1,600A,['RSD_11magnets']
RSD2.A23B2,600A,['RSD_11magnets']
RSD2.A34B1,600A,['RSD_11magnets']
RSD2.A34B2,600A,['RSD_11magnets']
RSD2.A45B1,600A,['RSD_11magnets']
RSD2.A45B2,600A,['RSD_11magnets']
RSD2.A56B1,600A,['RSD_11magnets']
RSD2.A56B2,600A,['RSD_11magnets']
RSD2.A67B1,600A,['RSD_11magnets']
RSD2.A67B2,600A,['RSD_11magnets']
RSD2.A78B1,600A,['RSD_11magnets']
RSD2.A78B2,600A,['RSD_11magnets']
RSD2.A81B1,600A,['RSD_11magnets']
RSD2.A81B2,600A,['RSD_11magnets']
RSF1.A12B1,600A,['RSF_10magnets']
RSF1.A12B2,600A,['RSF_10magnets']
RSF1.A23B1,600A,['RSF_10magnets']
RSF1.A23B2,600A,['RSF_10magnets']
RSF1.A34B1,600A,['RSF_10magnets']
RSF1.A34B2,600A,['RSF_10magnets']
RSF1.A45B1,600A,['RSF_10magnets']
RSF1.A45B2,600A,['RSF_10magnets']
RSF1.A56B1,600A,['RSF_10magnets']
RSF1.A56B2,600A,['RSF_10magnets']
RSF1.A67B1,600A,['RSF_10magnets']
RSF1.A67B2,600A,['RSF_10magnets']
RSF1.A78B1,600A,['RSF_10magnets']
RSF1.A78B2,600A,['RSF_10magnets']
RSF1.A81B1,600A,['RSF_10magnets']
RSF1.A81B2,600A,['RSF_10magnets']
RSF2.A12B1,600A,['RSF_10magnets']
RSF2.A12B2,600A,['RSF_10magnets']
RSF2.A23B1,600A,['RSF_10magnets']
RSF2.A23B2,600A,['RSF_10magnets']
RSF2.A34B1,600A,['RSF_10magnets']
RSF2.A34B2,600A,['RSF_10magnets']
RSF2.A45B1,600A,['RSF_10magnets']
RSF2.A45B2,600A,['RSF_10magnets']
RSF2.A56B1,600A,['RSF_10magnets']
RSF2.A56B2,600A,['RSF_10magnets']
RSF2.A67B1,600A,['RSF_10magnets']
RSF2.A67B2,600A,['RSF_10magnets']
RSF2.A78B1,600A,['RSF_10magnets']
RSF2.A78B2,600A,['RSF_10magnets']
RSF2.A81B1,600A,['RSF_10magnets']
RSF2.A81B2,600A,['RSF_10magnets']
RSS.A12B1,600A,['RSS']
RSS.A12B2,600A,['RSS']
RSS.A23B1,600A,['RSS']
RSS.A23B2,600A,['RSS']
RSS.A34B1,600A,['RSS']
RSS.A34B2,600A,['RSS']
RSS.A45B1,600A,['RSS']
RSS.A45B2,600A,['RSS']
RSS.A56B1,600A,['RSS']
RSS.A56B2,600A,['RSS']
RSS.A67B1,600A,['RSS']
RSS.A67B2,600A,['RSS']
RSS.A78B1,600A,['RSS']
RSS.A78B2,600A,['RSS']
RSS.A81B1,600A,['RSS']
RSS.A81B2,600A,['RSS']
RU.L4,600A,
RU.R4,600A,
ROD.A12B1,600A,['RO_13magnets']
ROD.A12B2,600A,['RO_8magnets']
ROD.A23B1,600A,['RO_8magnets']
ROD.A23B2,600A,['RO_13magnets']
ROD.A34B1,600A,['RO_11magnets']
ROD.A34B2,600A,['RO_8magnets']
ROD.A45B1,600A,['RO_8magnets']
ROD.A45B2,600A,['RO_13magnets']
ROD.A56B1,600A,['RO_13magnets']
ROD.A56B2,600A,['RO_8magnets']
ROD.A67B1,600A,['RO_8magnets']
ROD.A67B2,600A,['RO_13magnets']
ROD.A78B1,600A,['RO_13magnets']
ROD.A78B2,600A,['RO_8magnets']
ROD.A81B1,600A,['RO_8magnets']
ROD.A81B2,600A,['RO_13magnets']
ROF.A12B1,600A,['RO_8magnets']
ROF.A12B2,600A,['RO_13magnets']
ROF.A23B1,600A,['RO_13magnets']
ROF.A23B2,600A,['RO_8magnets']
ROF.A34B1,600A,['RO_8magnets']
ROF.A34B2,600A,['RO_13magnets']
ROF.A45B1,600A,['RO_13magnets']
ROF.A45B2,600A,['RO_8magnets']
ROF.A56B1,600A,['RO_8magnets']
ROF.A56B2,600A,['RO_13magnets']
ROF.A67B1,600A,['RO_13magnets']
ROF.A67B2,600A,['RO_8magnets']
ROF.A78B1,600A,['RO_8magnets']
ROF.A78B2,600A,['RO_13magnets']
ROF.A81B1,600A,['RO_13magnets']
ROF.A81B2,600A,['RO_8magnets']
RCBXV1.L1,600A,['RCBX']
RCBXV1.R1,600A,['RCBX']
RCBXV1.L2,600A,['RCBX']
RCBXV1.R2,600A,['RCBX']
RCBXV1.L5,600A,['RCBX']
RCBXV1.R5,600A,['RCBX']
RCBXV2.L1,600A,['RCBX']
RCBXV2.R1,600A,['RCBX']
RCBXV2.L2,600A,['RCBX']
RCBXV2.R2,600A,['RCBX']
RCBXV2.L5,600A,['RCBX']
RCBXV2.R5,600A,['RCBX']
RCBXV2.L8,600A,['RCBX']
RCBXV2.R8,600A,['RCBX']
RCBXV3.L1,600A,['RCBX']
RCBXV3.R1,600A,['RCBX']
RCBXV3.L2,600A,['RCBX']
RCBXV3.R2,600A,['RCBX']
RCBXV3.L5,600A,['RCBX']
RCBXV3.R5,600A,['RCBX']
RCBXV3.L8,600A,['RCBX']
RCBXV3.R8,600A,['RCBX']
RCBXH1.L1,600A,['RCBX']
RCBXH1.R1,600A,['RCBX']
RCBXH1.L2,600A,['RCBX']
RCBXH1.R2,600A,['RCBX']
RCBXH1.L5,600A,['RCBX']
RCBXH1.R5,600A,['RCBX']
RCBXH2.L1,600A,['RCBX']
RCBXH2.R1,600A,['RCBX']
RCBXH2.L2,600A,['RCBX']
RCBXH2.R2,600A,['RCBX']
RCBXH2.L5,600A,['RCBX']
RCBXH2.R5,600A,['RCBX']
RCBXH2.L8,600A,['RCBX']
RCBXH2.R8,600A,['RCBX']
RCBXH3.L1,600A,['RCBX']
RCBXH3.R1,600A,['RCBX']
RCBXH3.L2,600A,['RCBX']
RCBXH3.R2,600A,['RCBX']
RCBXH3.L5,600A,['RCBX']
RCBXH3.R5,600A,['RCBX']
RCBXH3.L8,600A,['RCBX']
RCBXH3.R8,600A,['RCBX']
RCD.A12B1,600A,"['RCD', 'RCO']"
RCD.A12B2,600A,"['RCD', 'RCO']"
RCD.A23B1,600A,"['RCD', 'RCO']"
RCD.A23B2,600A,"['RCD', 'RCO']"
RCD.A34B1,600A,"['RCD', 'RCO']"
RCD.A34B2,600A,"['RCD', 'RCO']"
RCD.A45B1,600A,"['RCD', 'RCO']"
RCD.A45B2,600A,"['RCD', 'RCO']"
RCD.A56B1,600A,"['RCD', 'RCO']"
RCD.A56B2,600A,"['RCD', 'RCO']"
RCD.A67B1,600A,"['RCD', 'RCO']"
RCD.A67B2,600A,"['RCD', 'RCO']"
RCD.A78B1,600A,"['RCD', 'RCO']"
RCD.A78B2,600A,"['RCD', 'RCO']"
RCD.A81B1,600A,"['RCD', 'RCO']"
RCD.A81B2,600A,"['RCD', 'RCO']"
RCO.A12B1,600A,"['RCD', 'RCO']"
RCO.A12B2,600A,"['RCD', 'RCO']"
RCO.A23B1,600A,"['RCD', 'RCO']"
RCO.A23B2,600A,"['RCD', 'RCO']"
RCO.A34B1,600A,"['RCD', 'RCO']"
RCO.A34B2,600A,"['RCD', 'RCO']"
RCO.A45B1,600A,"['RCD', 'RCO']"
RCO.A45B2,600A,"['RCD', 'RCO']"
RCO.A56B1,600A,"['RCD', 'RCO']"
RCO.A56B2,600A,"['RCD', 'RCO']"
RCO.A67B1,600A,"['RCD', 'RCO']"
RCO.A67B2,600A,"['RCD', 'RCO']"
RCO.A78B1,600A,"['RCD', 'RCO']"
RCO.A78B2,600A,"['RCD', 'RCO']"
RCO.A81B1,600A,"['RCD', 'RCO']"
RCO.A81B2,600A,"['RCD', 'RCO']"
RQSX3.L1,600A,['RQSX3']
RQSX3.L2,600A,['RQSX3']
RQSX3.L5,600A,['RQSX3']
RQSX3.L8,600A,['RQSX3']
RQSX3.R1,600A,['RQSX3']
RQSX3.R2,600A,['RQSX3']
RQSX3.R5,600A,['RQSX3']
RQSX3.R8,600A,['RQSX3']
RCBH11.L1B2,60A,['RCB']
RCBH11.L2B1,60A,['RCB']
RCBH11.L3B2,60A,['RCB']
RCBH11.L4B1,60A,['RCB']
RCBH11.L5B2,60A,['RCB']
RCBH11.L6B1,60A,['RCB']
RCBH11.L7B2,60A,['RCB']
RCBH11.L8B1,60A,['RCB']
RCBH11.R1B1,60A,['RCB']
RCBH11.R2B2,60A,['RCB']
RCBH11.R3B1,60A,['RCB']
RCBH11.R4B2,60A,['RCB']
RCBH11.R5B1,60A,['RCB']
RCBH11.R6B2,60A,['RCB']
RCBH11.R7B1,60A,['RCB']
RCBH11.R8B2,60A,['RCB']
RCBH12.L1B1,60A,['RCB']
RCBH12.L2B2,60A,['RCB']
RCBH12.L3B1,60A,['RCB']
RCBH12.L4B2,60A,['RCB']
RCBH12.L5B1,60A,['RCB']
RCBH12.L6B2,60A,['RCB']
RCBH12.L7B1,60A,['RCB']
RCBH12.L8B2,60A,['RCB']
RCBH12.R1B2,60A,['RCB']
RCBH12.R2B1,60A,['RCB']
RCBH12.R3B2,60A,['RCB']
RCBH12.R4B1,60A,['RCB']
RCBH12.R5B2,60A,['RCB']
RCBH12.R6B1,60A,['RCB']
RCBH12.R7B2,60A,['RCB']
RCBH12.R8B1,60A,['RCB']
RCBH13.L1B2,60A,['RCB']
RCBH13.L2B1,60A,['RCB']
RCBH13.L3B2,60A,['RCB']
RCBH13.L4B1,60A,['RCB']
RCBH13.L5B2,60A,['RCB']
RCBH13.L6B1,60A,['RCB']
RCBH13.L7B2,60A,['RCB']
RCBH13.L8B1,60A,['RCB']
RCBH13.R1B1,60A,['RCB']
RCBH13.R2B2,60A,['RCB']
RCBH13.R3B1,60A,['RCB']
RCBH13.R4B2,60A,['RCB']
RCBH13.R5B1,60A,['RCB']
RCBH13.R6B2,60A,['RCB']
RCBH13.R7B1,60A,['RCB']
RCBH13.R8B2,60A,['RCB']
RCBH14.L1B1,60A,['RCB']
RCBH14.L2B2,60A,['RCB']
RCBH14.L3B1,60A,['RCB']
RCBH14.L4B2,60A,['RCB']
RCBH14.L5B1,60A,['RCB']
RCBH14.L6B2,60A,['RCB']
RCBH14.L7B1,60A,['RCB']
RCBH14.L8B2,60A,['RCB']
RCBH14.R1B2,60A,['RCB']
RCBH14.R2B1,60A,['RCB']
RCBH14.R3B2,60A,['RCB']
RCBH14.R4B1,60A,['RCB']
RCBH14.R5B2,60A,['RCB']
RCBH14.R6B1,60A,['RCB']
RCBH14.R7B2,60A,['RCB']
RCBH14.R8B1,60A,['RCB']
RCBH15.L1B2,60A,['RCB']
RCBH15.L2B1,60A,['RCB']
RCBH15.L3B2,60A,['RCB']
RCBH15.L4B1,60A,['RCB']
RCBH15.L5B2,60A,['RCB']
RCBH15.L6B1,60A,['RCB']
RCBH15.L7B2,60A,['RCB']
RCBH15.L8B1,60A,['RCB']
RCBH15.R1B1,60A,['RCB']
RCBH15.R2B2,60A,['RCB']
RCBH15.R3B1,60A,['RCB']
RCBH15.R4B2,60A,['RCB']
RCBH15.R5B1,60A,['RCB']
RCBH15.R6B2,60A,['RCB']
RCBH15.R7B1,60A,['RCB']
RCBH15.R8B2,60A,['RCB']
RCBH16.L1B1,60A,['RCB']
RCBH16.L2B2,60A,['RCB']
RCBH16.L3B1,60A,['RCB']
RCBH16.L4B2,60A,['RCB']
RCBH16.L5B1,60A,['RCB']
RCBH16.L6B2,60A,['RCB']
RCBH16.L7B1,60A,['RCB']
RCBH16.L8B2,60A,['RCB']
RCBH16.R1B2,60A,['RCB']
RCBH16.R2B1,60A,['RCB']
RCBH16.R3B2,60A,['RCB']
RCBH16.R4B1,60A,['RCB']
RCBH16.R5B2,60A,['RCB']
RCBH16.R6B1,60A,['RCB']
RCBH16.R7B2,60A,['RCB']
RCBH16.R8B1,60A,['RCB']
RCBH17.L1B2,60A,['RCB']
RCBH17.L2B1,60A,['RCB']
RCBH17.L3B2,60A,['RCB']
RCBH17.L4B1,60A,['RCB']
RCBH17.L5B2,60A,['RCB']
RCBH17.L6B1,60A,['RCB']
RCBH17.L7B2,60A,['RCB']
RCBH17.L8B1,60A,['RCB']
RCBH17.R1B1,60A,['RCB']
RCBH17.R2B2,60A,['RCB']
RCBH17.R3B1,60A,['RCB']
RCBH17.R4B2,60A,['RCB']
RCBH17.R5B1,60A,['RCB']
RCBH17.R6B2,60A,['RCB']
RCBH17.R7B1,60A,['RCB']
RCBH17.R8B2,60A,['RCB']
RCBH18.L1B1,60A,['RCB']
RCBH18.L2B2,60A,['RCB']
RCBH18.L3B1,60A,['RCB']
RCBH18.L4B2,60A,['RCB']
RCBH18.L5B1,60A,['RCB']
RCBH18.L6B2,60A,['RCB']
RCBH18.L7B1,60A,['RCB']
RCBH18.L8B2,60A,['RCB']
RCBH18.R1B2,60A,['RCB']
RCBH18.R2B1,60A,['RCB']
RCBH18.R3B2,60A,['RCB']
RCBH18.R4B1,60A,['RCB']
RCBH18.R5B2,60A,['RCB']
RCBH18.R6B1,60A,['RCB']
RCBH18.R7B2,60A,['RCB']
RCBH18.R8B1,60A,['RCB']
RCBH19.L1B2,60A,['RCB']
RCBH19.L2B1,60A,['RCB']
RCBH19.L3B2,60A,['RCB']
RCBH19.L4B1,60A,['RCB']
RCBH19.L5B2,60A,['RCB']
RCBH19.L6B1,60A,['RCB']
RCBH19.L7B2,60A,['RCB']
RCBH19.L8B1,60A,['RCB']
RCBH19.R1B1,60A,['RCB']
RCBH19.R2B2,60A,['RCB']
RCBH19.R3B1,60A,['RCB']
RCBH19.R4B2,60A,['RCB']
RCBH19.R5B1,60A,['RCB']
RCBH19.R6B2,60A,['RCB']
RCBH19.R7B1,60A,['RCB']
RCBH19.R8B2,60A,['RCB']
RCBH20.L1B1,60A,['RCB']
RCBH20.L2B2,60A,['RCB']
RCBH20.L3B1,60A,['RCB']
RCBH20.L4B2,60A,['RCB']
RCBH20.L5B1,60A,['RCB']
RCBH20.L6B2,60A,['RCB']
RCBH20.L7B1,60A,['RCB']
RCBH20.L8B2,60A,['RCB']
RCBH20.R1B2,60A,['RCB']
RCBH20.R2B1,60A,['RCB']
RCBH20.R3B2,60A,['RCB']
RCBH20.R4B1,60A,['RCB']
RCBH20.R5B2,60A,['RCB']
RCBH20.R6B1,60A,['RCB']
RCBH20.R7B2,60A,['RCB']
RCBH20.R8B1,60A,['RCB']
RCBH21.L1B2,60A,['RCB']
RCBH21.L2B1,60A,['RCB']
RCBH21.L3B2,60A,['RCB']
RCBH21.L4B1,60A,['RCB']
RCBH21.L5B2,60A,['RCB']
RCBH21.L6B1,60A,['RCB']
RCBH21.L7B2,60A,['RCB']
RCBH21.L8B1,60A,['RCB']
RCBH21.R1B1,60A,['RCB']
RCBH21.R2B2,60A,['RCB']
RCBH21.R3B1,60A,['RCB']
RCBH21.R4B2,60A,['RCB']
RCBH21.R5B1,60A,['RCB']
RCBH21.R6B2,60A,['RCB']
RCBH21.R7B1,60A,['RCB']
RCBH21.R8B2,60A,['RCB']
RCBH22.L1B1,60A,['RCB']
RCBH22.L2B2,60A,['RCB']
RCBH22.L3B1,60A,['RCB']
RCBH22.L4B2,60A,['RCB']
RCBH22.L5B1,60A,['RCB']
RCBH22.L6B2,60A,['RCB']
RCBH22.L7B1,60A,['RCB']
RCBH22.L8B2,60A,['RCB']
RCBH22.R1B2,60A,['RCB']
RCBH22.R2B1,60A,['RCB']
RCBH22.R3B2,60A,['RCB']
RCBH22.R4B1,60A,['RCB']
RCBH22.R5B2,60A,['RCB']
RCBH22.R6B1,60A,['RCB']
RCBH22.R7B2,60A,['RCB']
RCBH22.R8B1,60A,['RCB']
RCBH23.L1B2,60A,['RCB']
RCBH23.L2B1,60A,['RCB']
RCBH23.L3B2,60A,['RCB']
RCBH23.L4B1,60A,['RCB']
RCBH23.L5B2,60A,['RCB']
RCBH23.L6B1,60A,['RCB']
RCBH23.L7B2,60A,['RCB']
RCBH23.L8B1,60A,['RCB']
RCBH23.R1B1,60A,['RCB']
RCBH23.R2B2,60A,['RCB']
RCBH23.R3B1,60A,['RCB']
RCBH23.R4B2,60A,['RCB']
RCBH23.R5B1,60A,['RCB']
RCBH23.R6B2,60A,['RCB']
RCBH23.R7B1,60A,['RCB']
RCBH23.R8B2,60A,['RCB']
RCBH24.L1B1,60A,['RCB']
RCBH24.L2B2,60A,['RCB']
RCBH24.L3B1,60A,['RCB']
RCBH24.L4B2,60A,['RCB']
RCBH24.L5B1,60A,['RCB']
RCBH24.L6B2,60A,['RCB']
RCBH24.L7B1,60A,['RCB']
RCBH24.L8B2,60A,['RCB']
RCBH24.R1B2,60A,['RCB']
RCBH24.R2B1,60A,['RCB']
RCBH24.R3B2,60A,['RCB']
RCBH24.R4B1,60A,['RCB']
RCBH24.R5B2,60A,['RCB']
RCBH24.R6B1,60A,['RCB']
RCBH24.R7B2,60A,['RCB']
RCBH24.R8B1,60A,['RCB']
RCBH25.L1B2,60A,['RCB']
RCBH25.L2B1,60A,['RCB']
RCBH25.L3B2,60A,['RCB']
RCBH25.L4B1,60A,['RCB']
RCBH25.L5B2,60A,['RCB']
RCBH25.L6B1,60A,['RCB']
RCBH25.L7B2,60A,['RCB']
RCBH25.L8B1,60A,['RCB']
RCBH25.R1B1,60A,['RCB']
RCBH25.R2B2,60A,['RCB']
RCBH25.R3B1,60A,['RCB']
RCBH25.R4B2,60A,['RCB']
RCBH25.R5B1,60A,['RCB']
RCBH25.R6B2,60A,['RCB']
RCBH25.R7B1,60A,['RCB']
RCBH25.R8B2,60A,['RCB']
RCBH26.L1B1,60A,['RCB']
RCBH26.L2B2,60A,['RCB']
RCBH26.L3B1,60A,['RCB']
RCBH26.L4B2,60A,['RCB']
RCBH26.L5B1,60A,['RCB']
RCBH26.L6B2,60A,['RCB']
RCBH26.L7B1,60A,['RCB']
RCBH26.L8B2,60A,['RCB']
RCBH26.R1B2,60A,['RCB']
RCBH26.R2B1,60A,['RCB']
RCBH26.R3B2,60A,['RCB']
RCBH26.R4B1,60A,['RCB']
RCBH26.R5B2,60A,['RCB']
RCBH26.R6B1,60A,['RCB']
RCBH26.R7B2,60A,['RCB']
RCBH26.R8B1,60A,['RCB']
RCBH27.L1B2,60A,['RCB']
RCBH27.L2B1,60A,['RCB']
RCBH27.L3B2,60A,['RCB']
RCBH27.L4B1,60A,['RCB']
RCBH27.L5B2,60A,['RCB']
RCBH27.L6B1,60A,['RCB']
RCBH27.L7B2,60A,['RCB']
RCBH27.L8B1,60A,['RCB']
RCBH27.R1B1,60A,['RCB']
RCBH27.R2B2,60A,['RCB']
RCBH27.R3B1,60A,['RCB']
RCBH27.R4B2,60A,['RCB']
RCBH27.R5B1,60A,['RCB']
RCBH27.R6B2,60A,['RCB']
RCBH27.R7B1,60A,['RCB']
RCBH27.R8B2,60A,['RCB']
RCBH28.L1B1,60A,['RCB']
RCBH28.L2B2,60A,['RCB']
RCBH28.L3B1,60A,['RCB']
RCBH28.L4B2,60A,['RCB']
RCBH28.L5B1,60A,['RCB']
RCBH28.L6B2,60A,['RCB']
RCBH28.L7B1,60A,['RCB']
RCBH28.L8B2,60A,['RCB']
RCBH28.R1B2,60A,['RCB']
RCBH28.R2B1,60A,['RCB']
RCBH28.R3B2,60A,['RCB']
RCBH28.R4B1,60A,['RCB']
RCBH28.R5B2,60A,['RCB']
RCBH28.R6B1,60A,['RCB']
RCBH28.R7B2,60A,['RCB']
RCBH28.R8B1,60A,['RCB']
RCBH29.L1B2,60A,['RCB']
RCBH29.L2B1,60A,['RCB']
RCBH29.L3B2,60A,['RCB']
RCBH29.L4B1,60A,['RCB']
RCBH29.L5B2,60A,['RCB']
RCBH29.L6B1,60A,['RCB']
RCBH29.L7B2,60A,['RCB']
RCBH29.L8B1,60A,['RCB']
RCBH29.R1B1,60A,['RCB']
RCBH29.R2B2,60A,['RCB']
RCBH29.R3B1,60A,['RCB']
RCBH29.R4B2,60A,['RCB']
RCBH29.R5B1,60A,['RCB']
RCBH29.R6B2,60A,['RCB']
RCBH29.R7B1,60A,['RCB']
RCBH29.R8B2,60A,['RCB']
RCBH30.L1B1,60A,['RCB']
RCBH30.L2B2,60A,['RCB']
RCBH30.L3B1,60A,['RCB']
RCBH30.L4B2,60A,['RCB']
RCBH30.L5B1,60A,['RCB']
RCBH30.L6B2,60A,['RCB']
RCBH30.L7B1,60A,['RCB']
RCBH30.L8B2,60A,['RCB']
RCBH30.R1B2,60A,['RCB']
RCBH30.R2B1,60A,['RCB']
RCBH30.R3B2,60A,['RCB']
RCBH30.R4B1,60A,['RCB']
RCBH30.R5B2,60A,['RCB']
RCBH30.R6B1,60A,['RCB']
RCBH30.R7B2,60A,['RCB']
RCBH30.R8B1,60A,['RCB']
RCBH31.L1B2,60A,['RCB']
RCBH31.L2B1,60A,['RCB']
RCBH31.L3B2,60A,['RCB']
RCBH31.L4B1,60A,['RCB']
RCBH31.L5B2,60A,['RCB']
RCBH31.L6B1,60A,['RCB']
RCBH31.L7B2,60A,['RCB']
RCBH31.L8B1,60A,['RCB']
RCBH31.R1B1,60A,['RCB']
RCBH31.R2B2,60A,['RCB']
RCBH31.R3B1,60A,['RCB']
RCBH31.R4B2,60A,['RCB']
RCBH31.R5B1,60A,['RCB']
RCBH31.R6B2,60A,['RCB']
RCBH31.R7B1,60A,['RCB']
RCBH31.R8B2,60A,['RCB']
RCBH32.L1B1,60A,['RCB']
RCBH32.L2B2,60A,['RCB']
RCBH32.L3B1,60A,['RCB']
RCBH32.L4B2,60A,['RCB']
RCBH32.L5B1,60A,['RCB']
RCBH32.L6B2,60A,['RCB']
RCBH32.L7B1,60A,['RCB']
RCBH32.L8B2,60A,['RCB']
RCBH32.R1B2,60A,['RCB']
RCBH32.R2B1,60A,['RCB']
RCBH32.R3B2,60A,['RCB']
RCBH32.R4B1,60A,['RCB']
RCBH32.R5B2,60A,['RCB']
RCBH32.R6B1,60A,['RCB']
RCBH32.R7B2,60A,['RCB']
RCBH32.R8B1,60A,['RCB']
RCBH33.L1B2,60A,['RCB']
RCBH33.L2B1,60A,['RCB']
RCBH33.L3B2,60A,['RCB']
RCBH33.L4B1,60A,['RCB']
RCBH33.L5B2,60A,['RCB']
RCBH33.L6B1,60A,['RCB']
RCBH33.L7B2,60A,['RCB']
RCBH33.L8B1,60A,['RCB']
RCBH33.R1B1,60A,['RCB']
RCBH33.R2B2,60A,['RCB']
RCBH33.R3B1,60A,['RCB']
RCBH33.R4B2,60A,['RCB']
RCBH33.R5B1,60A,['RCB']
RCBH33.R6B2,60A,['RCB']
RCBH33.R7B1,60A,['RCB']
RCBH33.R8B2,60A,['RCB']
RCBH34.L1B1,60A,['RCB']
RCBH34.L2B2,60A,['RCB']
RCBH34.L3B1,60A,['RCB']
RCBH34.L4B2,60A,['RCB']
RCBH34.L5B1,60A,['RCB']
RCBH34.L6B2,60A,['RCB']
RCBH34.L7B1,60A,['RCB']
RCBH34.L8B2,60A,['RCB']
RCBV11.L1B1,60A,['RCB']
RCBV11.L2B2,60A,['RCB']
RCBV11.L3B1,60A,['RCB']
RCBV11.L4B2,60A,['RCB']
RCBV11.L5B1,60A,['RCB']
RCBV11.L6B2,60A,['RCB']
RCBV11.L7B1,60A,['RCB']
RCBV11.L8B2,60A,['RCB']
RCBV11.R1B2,60A,['RCB']
RCBV11.R2B1,60A,['RCB']
RCBV11.R3B2,60A,['RCB']
RCBV11.R4B1,60A,['RCB']
RCBV11.R5B2,60A,['RCB']
RCBV11.R6B1,60A,['RCB']
RCBV11.R7B2,60A,['RCB']
RCBV11.R8B1,60A,['RCB']
RCBV12.L1B2,60A,['RCB']
RCBV12.L2B1,60A,['RCB']
RCBV12.L3B2,60A,['RCB']
RCBV12.L4B1,60A,['RCB']
RCBV12.L5B2,60A,['RCB']
RCBV12.L6B1,60A,['RCB']
RCBV12.L7B2,60A,['RCB']
RCBV12.L8B1,60A,['RCB']
RCBV12.R1B1,60A,['RCB']
RCBV12.R2B2,60A,['RCB']
RCBV12.R3B1,60A,['RCB']
RCBV12.R4B2,60A,['RCB']
RCBV12.R5B1,60A,['RCB']
RCBV12.R6B2,60A,['RCB']
RCBV12.R7B1,60A,['RCB']
RCBV12.R8B2,60A,['RCB']
RCBV13.L1B1,60A,['RCB']
RCBV13.L2B2,60A,['RCB']
RCBV13.L3B1,60A,['RCB']
RCBV13.L4B2,60A,['RCB']
RCBV13.L5B1,60A,['RCB']
RCBV13.L6B2,60A,['RCB']
RCBV13.L7B1,60A,['RCB']
RCBV13.L8B2,60A,['RCB']
RCBV13.R1B2,60A,['RCB']
RCBV13.R2B1,60A,['RCB']
RCBV13.R3B2,60A,['RCB']
RCBV13.R4B1,60A,['RCB']
RCBV13.R5B2,60A,['RCB']
RCBV13.R6B1,60A,['RCB']
RCBV13.R7B2,60A,['RCB']
RCBV13.R8B1,60A,['RCB']
RCBV14.L1B2,60A,['RCB']
RCBV14.L2B1,60A,['RCB']
RCBV14.L3B2,60A,['RCB']
RCBV14.L4B1,60A,['RCB']
RCBV14.L5B2,60A,['RCB']
RCBV14.L6B1,60A,['RCB']
RCBV14.L7B2,60A,['RCB']
RCBV14.L8B1,60A,['RCB']
RCBV14.R1B1,60A,['RCB']
RCBV14.R2B2,60A,['RCB']
RCBV14.R3B1,60A,['RCB']
RCBV14.R4B2,60A,['RCB']
RCBV14.R5B1,60A,['RCB']
RCBV14.R6B2,60A,['RCB']
RCBV14.R7B1,60A,['RCB']
RCBV14.R8B2,60A,['RCB']
RCBV15.L1B1,60A,['RCB']
RCBV15.L2B2,60A,['RCB']
RCBV15.L3B1,60A,['RCB']
RCBV15.L4B2,60A,['RCB']
RCBV15.L5B1,60A,['RCB']
RCBV15.L6B2,60A,['RCB']
RCBV15.L7B1,60A,['RCB']
RCBV15.L8B2,60A,['RCB']
RCBV15.R1B2,60A,['RCB']
RCBV15.R2B1,60A,['RCB']
RCBV15.R3B2,60A,['RCB']
RCBV15.R4B1,60A,['RCB']
RCBV15.R5B2,60A,['RCB']
RCBV15.R6B1,60A,['RCB']
RCBV15.R7B2,60A,['RCB']
RCBV15.R8B1,60A,['RCB']
RCBV16.L1B2,60A,['RCB']
RCBV16.L2B1,60A,['RCB']
RCBV16.L3B2,60A,['RCB']
RCBV16.L4B1,60A,['RCB']
RCBV16.L5B2,60A,['RCB']
RCBV16.L6B1,60A,['RCB']
RCBV16.L7B2,60A,['RCB']
RCBV16.L8B1,60A,['RCB']
RCBV16.R1B1,60A,['RCB']
RCBV16.R2B2,60A,['RCB']
RCBV16.R3B1,60A,['RCB']
RCBV16.R4B2,60A,['RCB']
RCBV16.R5B1,60A,['RCB']
RCBV16.R6B2,60A,['RCB']
RCBV16.R7B1,60A,['RCB']
RCBV16.R8B2,60A,['RCB']
RCBV17.L1B1,60A,['RCB']
RCBV17.L2B2,60A,['RCB']
RCBV17.L3B1,60A,['RCB']
RCBV17.L4B2,60A,['RCB']
RCBV17.L5B1,60A,['RCB']
RCBV17.L6B2,60A,['RCB']
RCBV17.L7B1,60A,['RCB']
RCBV17.L8B2,60A,['RCB']
RCBV17.R1B2,60A,['RCB']
RCBV17.R2B1,60A,['RCB']
RCBV17.R3B2,60A,['RCB']
RCBV17.R4B1,60A,['RCB']
RCBV17.R5B2,60A,['RCB']
RCBV17.R6B1,60A,['RCB']
RCBV17.R7B2,60A,['RCB']
RCBV17.R8B1,60A,['RCB']
RCBV18.L1B2,60A,['RCB']
RCBV18.L2B1,60A,['RCB']
RCBV18.L3B2,60A,['RCB']
RCBV18.L4B1,60A,['RCB']
RCBV18.L5B2,60A,['RCB']
RCBV18.L6B1,60A,['RCB']
RCBV18.L7B2,60A,['RCB']
RCBV18.L8B1,60A,['RCB']
RCBV18.R1B1,60A,['RCB']
RCBV18.R2B2,60A,['RCB']
RCBV18.R3B1,60A,['RCB']
RCBV18.R4B2,60A,['RCB']
RCBV18.R5B1,60A,['RCB']
RCBV18.R6B2,60A,['RCB']
RCBV18.R7B1,60A,['RCB']
RCBV18.R8B2,60A,['RCB']
RCBV19.L1B1,60A,['RCB']
RCBV19.L2B2,60A,['RCB']
RCBV19.L3B1,60A,['RCB']
RCBV19.L4B2,60A,['RCB']
RCBV19.L5B1,60A,['RCB']
RCBV19.L6B2,60A,['RCB']
RCBV19.L7B1,60A,['RCB']
RCBV19.L8B2,60A,['RCB']
RCBV19.R1B2,60A,['RCB']
RCBV19.R2B1,60A,['RCB']
RCBV19.R3B2,60A,['RCB']
RCBV19.R4B1,60A,['RCB']
RCBV19.R5B2,60A,['RCB']
RCBV19.R6B1,60A,['RCB']
RCBV19.R7B2,60A,['RCB']
RCBV19.R8B1,60A,['RCB']
RCBV20.L1B2,60A,['RCB']
RCBV20.L2B1,60A,['RCB']
RCBV20.L3B2,60A,['RCB']
RCBV20.L4B1,60A,['RCB']
RCBV20.L5B2,60A,['RCB']
RCBV20.L6B1,60A,['RCB']
RCBV20.L7B2,60A,['RCB']
RCBV20.L8B1,60A,['RCB']
RCBV20.R1B1,60A,['RCB']
RCBV20.R2B2,60A,['RCB']
RCBV20.R3B1,60A,['RCB']
RCBV20.R4B2,60A,['RCB']
RCBV20.R5B1,60A,['RCB']
RCBV20.R6B2,60A,['RCB']
RCBV20.R7B1,60A,['RCB']
RCBV20.R8B2,60A,['RCB']
RCBV21.L1B1,60A,['RCB']
RCBV21.L2B2,60A,['RCB']
RCBV21.L3B1,60A,['RCB']
RCBV21.L4B2,60A,['RCB']
RCBV21.L5B1,60A,['RCB']
RCBV21.L6B2,60A,['RCB']
RCBV21.L7B1,60A,['RCB']
RCBV21.L8B2,60A,['RCB']
RCBV21.R1B2,60A,['RCB']
RCBV21.R2B1,60A,['RCB']
RCBV21.R3B2,60A,['RCB']
RCBV21.R4B1,60A,['RCB']
RCBV21.R5B2,60A,['RCB']
RCBV21.R6B1,60A,['RCB']
RCBV21.R7B2,60A,['RCB']
RCBV21.R8B1,60A,['RCB']
RCBV22.L1B2,60A,['RCB']
RCBV22.L2B1,60A,['RCB']
RCBV22.L3B2,60A,['RCB']
RCBV22.L4B1,60A,['RCB']
RCBV22.L5B2,60A,['RCB']
RCBV22.L6B1,60A,['RCB']
RCBV22.L7B2,60A,['RCB']
RCBV22.L8B1,60A,['RCB']
RCBV22.R1B1,60A,['RCB']
RCBV22.R2B2,60A,['RCB']
RCBV22.R3B1,60A,['RCB']
RCBV22.R4B2,60A,['RCB']
RCBV22.R5B1,60A,['RCB']
RCBV22.R6B2,60A,['RCB']
RCBV22.R7B1,60A,['RCB']
RCBV22.R8B2,60A,['RCB']
RCBV23.L1B1,60A,['RCB']
RCBV23.L2B2,60A,['RCB']
RCBV23.L3B1,60A,['RCB']
RCBV23.L4B2,60A,['RCB']
RCBV23.L5B1,60A,['RCB']
RCBV23.L6B2,60A,['RCB']
RCBV23.L7B1,60A,['RCB']
RCBV23.L8B2,60A,['RCB']
RCBV23.R1B2,60A,['RCB']
RCBV23.R2B1,60A,['RCB']
RCBV23.R3B2,60A,['RCB']
RCBV23.R4B1,60A,['RCB']
RCBV23.R5B2,60A,['RCB']
RCBV23.R6B1,60A,['RCB']
RCBV23.R7B2,60A,['RCB']
RCBV23.R8B1,60A,['RCB']
RCBV24.L1B2,60A,['RCB']
RCBV24.L2B1,60A,['RCB']
RCBV24.L3B2,60A,['RCB']
RCBV24.L4B1,60A,['RCB']
RCBV24.L5B2,60A,['RCB']
RCBV24.L6B1,60A,['RCB']
RCBV24.L7B2,60A,['RCB']
RCBV24.L8B1,60A,['RCB']
RCBV24.R1B1,60A,['RCB']
RCBV24.R2B2,60A,['RCB']
RCBV24.R3B1,60A,['RCB']
RCBV24.R4B2,60A,['RCB']
RCBV24.R5B1,60A,['RCB']
RCBV24.R6B2,60A,['RCB']
RCBV24.R7B1,60A,['RCB']
RCBV24.R8B2,60A,['RCB']
RCBV25.L1B1,60A,['RCB']
RCBV25.L2B2,60A,['RCB']
RCBV25.L3B1,60A,['RCB']
RCBV25.L4B2,60A,['RCB']
RCBV25.L5B1,60A,['RCB']
RCBV25.L6B2,60A,['RCB']
RCBV25.L7B1,60A,['RCB']
RCBV25.L8B2,60A,['RCB']
RCBV25.R1B2,60A,['RCB']
RCBV25.R2B1,60A,['RCB']
RCBV25.R3B2,60A,['RCB']
RCBV25.R4B1,60A,['RCB']
RCBV25.R5B2,60A,['RCB']
RCBV25.R6B1,60A,['RCB']
RCBV25.R7B2,60A,['RCB']
RCBV25.R8B1,60A,['RCB']
RCBV26.L1B2,60A,['RCB']
RCBV26.L2B1,60A,['RCB']
RCBV26.L3B2,60A,['RCB']
RCBV26.L4B1,60A,['RCB']
RCBV26.L5B2,60A,['RCB']
RCBV26.L6B1,60A,['RCB']
RCBV26.L7B2,60A,['RCB']
RCBV26.L8B1,60A,['RCB']
RCBV26.R1B1,60A,['RCB']
RCBV26.R2B2,60A,['RCB']
RCBV26.R3B1,60A,['RCB']
RCBV26.R4B2,60A,['RCB']
RCBV26.R5B1,60A,['RCB']
RCBV26.R6B2,60A,['RCB']
RCBV26.R7B1,60A,['RCB']
RCBV26.R8B2,60A,['RCB']
RCBV27.L1B1,60A,['RCB']
RCBV27.L2B2,60A,['RCB']
RCBV27.L3B1,60A,['RCB']
RCBV27.L4B2,60A,['RCB']
RCBV27.L5B1,60A,['RCB']
RCBV27.L6B2,60A,['RCB']
RCBV27.L7B1,60A,['RCB']
RCBV27.L8B2,60A,['RCB']
RCBV27.R1B2,60A,['RCB']
RCBV27.R2B1,60A,['RCB']
RCBV27.R3B2,60A,['RCB']
RCBV27.R4B1,60A,['RCB']
RCBV27.R5B2,60A,['RCB']
RCBV27.R6B1,60A,['RCB']
RCBV27.R7B2,60A,['RCB']
RCBV27.R8B1,60A,['RCB']
RCBV28.L1B2,60A,['RCB']
RCBV28.L2B1,60A,['RCB']
RCBV28.L3B2,60A,['RCB']
RCBV28.L4B1,60A,['RCB']
RCBV28.L5B2,60A,['RCB']
RCBV28.L6B1,60A,['RCB']
RCBV28.L7B2,60A,['RCB']
RCBV28.L8B1,60A,['RCB']
RCBV28.R1B1,60A,['RCB']
RCBV28.R2B2,60A,['RCB']
RCBV28.R3B1,60A,['RCB']
RCBV28.R4B2,60A,['RCB']
RCBV28.R5B1,60A,['RCB']
RCBV28.R6B2,60A,['RCB']
RCBV28.R7B1,60A,['RCB']
RCBV28.R8B2,60A,['RCB']
RCBV29.L1B1,60A,['RCB']
RCBV29.L2B2,60A,['RCB']
RCBV29.L3B1,60A,['RCB']
RCBV29.L4B2,60A,['RCB']
RCBV29.L5B1,60A,['RCB']
RCBV29.L6B2,60A,['RCB']
RCBV29.L7B1,60A,['RCB']
RCBV29.L8B2,60A,['RCB']
RCBV29.R1B2,60A,['RCB']
RCBV29.R2B1,60A,['RCB']
RCBV29.R3B2,60A,['RCB']
RCBV29.R4B1,60A,['RCB']
RCBV29.R5B2,60A,['RCB']
RCBV29.R6B1,60A,['RCB']
RCBV29.R7B2,60A,['RCB']
RCBV29.R8B1,60A,['RCB']
RCBV30.L1B2,60A,['RCB']
RCBV30.L2B1,60A,['RCB']
RCBV30.L3B2,60A,['RCB']
RCBV30.L4B1,60A,['RCB']
RCBV30.L5B2,60A,['RCB']
RCBV30.L6B1,60A,['RCB']
RCBV30.L7B2,60A,['RCB']
RCBV30.L8B1,60A,['RCB']
RCBV30.R1B1,60A,['RCB']
RCBV30.R2B2,60A,['RCB']
RCBV30.R3B1,60A,['RCB']
RCBV30.R4B2,60A,['RCB']
RCBV30.R5B1,60A,['RCB']
RCBV30.R6B2,60A,['RCB']
RCBV30.R7B1,60A,['RCB']
RCBV30.R8B2,60A,['RCB']
RCBV31.L1B1,60A,['RCB']
RCBV31.L2B2,60A,['RCB']
RCBV31.L3B1,60A,['RCB']
RCBV31.L4B2,60A,['RCB']
RCBV31.L5B1,60A,['RCB']
RCBV31.L6B2,60A,['RCB']
RCBV31.L7B1,60A,['RCB']
RCBV31.L8B2,60A,['RCB']
RCBV31.R1B2,60A,['RCB']
RCBV31.R2B1,60A,['RCB']
RCBV31.R3B2,60A,['RCB']
RCBV31.R4B1,60A,['RCB']
RCBV31.R5B2,60A,['RCB']
RCBV31.R6B1,60A,['RCB']
RCBV31.R7B2,60A,['RCB']
RCBV31.R8B1,60A,['RCB']
RCBV32.L1B2,60A,['RCB']
RCBV32.L2B1,60A,['RCB']
RCBV32.L3B2,60A,['RCB']
RCBV32.L4B1,60A,['RCB']
RCBV32.L5B2,60A,['RCB']
RCBV32.L6B1,60A,['RCB']
RCBV32.L7B2,60A,['RCB']
RCBV32.L8B1,60A,['RCB']
RCBV32.R1B1,60A,['RCB']
RCBV32.R2B2,60A,['RCB']
RCBV32.R3B1,60A,['RCB']
RCBV32.R4B2,60A,['RCB']
RCBV32.R5B1,60A,['RCB']
RCBV32.R6B2,60A,['RCB']
RCBV32.R7B1,60A,['RCB']
RCBV32.R8B2,60A,['RCB']
RCBV33.L1B1,60A,['RCB']
RCBV33.L2B2,60A,['RCB']
RCBV33.L3B1,60A,['RCB']
RCBV33.L4B2,60A,['RCB']
RCBV33.L5B1,60A,['RCB']
RCBV33.L6B2,60A,['RCB']
RCBV33.L7B1,60A,['RCB']
RCBV33.L8B2,60A,['RCB']
RCBV33.R1B2,60A,['RCB']
RCBV33.R2B1,60A,['RCB']
RCBV33.R3B2,60A,['RCB']
RCBV33.R4B1,60A,['RCB']
RCBV33.R5B2,60A,['RCB']
RCBV33.R6B1,60A,['RCB']
RCBV33.R7B2,60A,['RCB']
RCBV33.R8B1,60A,['RCB']
RCBV34.L1B2,60A,['RCB']
RCBV34.L2B1,60A,['RCB']
RCBV34.L3B2,60A,['RCB']
RCBV34.L4B1,60A,['RCB']
RCBV34.L5B2,60A,['RCB']
RCBV34.L6B1,60A,['RCB']
RCBV34.L7B2,60A,['RCB']
RCBV34.L8B1,60A,['RCB']
RCBH12.L3B2,60A,['RCB']
RCBCH10.L1B1,80-120A,['RCBC']
RCBCH10.L2B2,80-120A,['RCBC']
RCBCH10.L3B1,80-120A,['RCBC']
RCBCH10.L4B2,80-120A,['RCBC']
RCBCH10.L5B1,80-120A,['RCBC']
RCBCH10.L6B2,80-120A,['RCBC']
RCBCH10.L7B1,80-120A,['RCBC']
RCBCH10.L8B2,80-120A,['RCBC']
RCBCH10.R1B2,80-120A,['RCBC']
RCBCH10.R2B1,80-120A,['RCBC']
RCBCH10.R3B2,80-120A,['RCBC']
RCBCH10.R4B1,80-120A,['RCBC']
RCBCH10.R5B2,80-120A,['RCBC']
RCBCH10.R6B1,80-120A,['RCBC']
RCBCH10.R7B2,80-120A,['RCBC']
RCBCH10.R8B1,80-120A,['RCBC']
RCBCH5.L1B2,80-120A,['RCBC']
RCBCH5.L5B2,80-120A,['RCBC']
RCBCH5.L8B1,80-120A,['RCBC']
RCBCH5.R1B1,80-120A,['RCBC']
RCBCH5.R2B2,80-120A,['RCBC']
RCBCH5.R5B1,80-120A,['RCBC']
RCBCH6.L1B1,80-120A,['RCBC']
RCBCH6.L2B2,80-120A,['RCBC']
RCBCH6.L3B1,80-120A,['RCBC']
RCBCH6.L5B1,80-120A,['RCBC']
RCBCH6.L7B1,80-120A,['RCBC']
RCBCH6.L8B2,80-120A,['RCBC']
RCBCH6.R1B2,80-120A,['RCBC']
RCBCH6.R2B1,80-120A,['RCBC']
RCBCH6.R3B2,80-120A,['RCBC']
RCBCH6.R5B2,80-120A,['RCBC']
RCBCH6.R7B2,80-120A,['RCBC']
RCBCH6.R8B1,80-120A,['RCBC']
RCBCH7.L1B2,80-120A,['RCBC']
RCBCH7.L2B1,80-120A,['RCBC']
RCBCH7.L3B2,80-120A,['RCBC']
RCBCH7.L4B1,80-120A,['RCBC']
RCBCH7.L5B2,80-120A,['RCBC']
RCBCH7.L7B2,80-120A,['RCBC']
RCBCH7.L8B1,80-120A,['RCBC']
RCBCH7.R1B1,80-120A,['RCBC']
RCBCH7.R2B2,80-120A,['RCBC']
RCBCH7.R3B1,80-120A,['RCBC']
RCBCH7.R4B2,80-120A,['RCBC']
RCBCH7.R5B1,80-120A,['RCBC']
RCBCH7.R7B1,80-120A,['RCBC']
RCBCH7.R8B2,80-120A,['RCBC']
RCBCH8.L1B1,80-120A,['RCBC']
RCBCH8.L2B2,80-120A,['RCBC']
RCBCH8.L3B1,80-120A,['RCBC']
RCBCH8.L4B2,80-120A,['RCBC']
RCBCH8.L5B1,80-120A,['RCBC']
RCBCH8.L6B2,80-120A,['RCBC']
RCBCH8.L7B1,80-120A,['RCBC']
RCBCH8.L8B2,80-120A,['RCBC']
RCBCH8.R1B2,80-120A,['RCBC']
RCBCH8.R2B1,80-120A,['RCBC']
RCBCH8.R3B2,80-120A,['RCBC']
RCBCH8.R4B1,80-120A,['RCBC']
RCBCH8.R5B2,80-120A,['RCBC']
RCBCH8.R6B1,80-120A,['RCBC']
RCBCH8.R7B2,80-120A,['RCBC']
RCBCH8.R8B1,80-120A,['RCBC']
RCBCH9.L1B2,80-120A,['RCBC']
RCBCH9.L2B1,80-120A,['RCBC']
RCBCH9.L3B2,80-120A,['RCBC']
RCBCH9.L4B1,80-120A,['RCBC']
RCBCH9.L5B2,80-120A,['RCBC']
RCBCH9.L6B1,80-120A,['RCBC']
RCBCH9.L7B2,80-120A,['RCBC']
RCBCH9.L8B1,80-120A,['RCBC']
RCBCH9.R1B1,80-120A,['RCBC']
RCBCH9.R2B2,80-120A,['RCBC']
RCBCH9.R3B1,80-120A,['RCBC']
RCBCH9.R4B2,80-120A,['RCBC']
RCBCH9.R5B1,80-120A,['RCBC']
RCBCH9.R6B2,80-120A,['RCBC']
RCBCH9.R7B1,80-120A,['RCBC']
RCBCH9.R8B2,80-120A,['RCBC']
RCBCHS5.L8B1,80-120A,['RCBC']
RCBCHS5.L8B2,80-120A,['RCBC']
RCBCHS5.R2B1,80-120A,['RCBC']
RCBCHS5.R2B2,80-120A,['RCBC']
RCBCV10.L1B2,80-120A,['RCBC']
RCBCV10.L2B1,80-120A,['RCBC']
RCBCV10.L3B2,80-120A,['RCBC']
RCBCV10.L4B1,80-120A,['RCBC']
RCBCV10.L5B2,80-120A,['RCBC']
RCBCV10.L6B1,80-120A,['RCBC']
RCBCV10.L7B2,80-120A,['RCBC']
RCBCV10.L8B1,80-120A,['RCBC']
RCBCV10.R1B1,80-120A,['RCBC']
RCBCV10.R2B2,80-120A,['RCBC']
RCBCV10.R3B1,80-120A,['RCBC']
RCBCV10.R4B2,80-120A,['RCBC']
RCBCV10.R5B1,80-120A,['RCBC']
RCBCV10.R6B2,80-120A,['RCBC']
RCBCV10.R7B1,80-120A,['RCBC']
RCBCV10.R8B2,80-120A,['RCBC']
RCBCV5.L1B1,80-120A,['RCBC']
RCBCV5.L5B1,80-120A,['RCBC']
RCBCV5.L8B2,80-120A,['RCBC']
RCBCV5.R1B2,80-120A,['RCBC']
RCBCV5.R2B1,80-120A,['RCBC']
RCBCV5.R5B2,80-120A,['RCBC']
RCBCV6.L1B2,80-120A,['RCBC']
RCBCV6.L2B1,80-120A,['RCBC']
RCBCV6.L3B2,80-120A,['RCBC']
RCBCV6.L5B2,80-120A,['RCBC']
RCBCV6.L7B2,80-120A,['RCBC']
RCBCV6.L8B1,80-120A,['RCBC']
RCBCV6.R1B1,80-120A,['RCBC']
RCBCV6.R2B2,80-120A,['RCBC']
RCBCV6.R3B1,80-120A,['RCBC']
RCBCV6.R5B1,80-120A,['RCBC']
RCBCV6.R7B1,80-120A,['RCBC']
RCBCV6.R8B2,80-120A,['RCBC']
RCBCV7.L1B1,80-120A,['RCBC']
RCBCV7.L2B2,80-120A,['RCBC']
RCBCV7.L3B1,80-120A,['RCBC']
RCBCV7.L4B2,80-120A,['RCBC']
RCBCV7.L5B1,80-120A,['RCBC']
RCBCV7.L7B1,80-120A,['RCBC']
RCBCV7.L8B2,80-120A,['RCBC']
RCBCV7.R1B2,80-120A,['RCBC']
RCBCV7.R2B1,80-120A,['RCBC']
RCBCV7.R3B2,80-120A,['RCBC']
RCBCV7.R4B1,80-120A,['RCBC']
RCBCV7.R5B2,80-120A,['RCBC']
RCBCV7.R7B2,80-120A,['RCBC']
RCBCV7.R8B1,80-120A,['RCBC']
RCBCV8.L1B2,80-120A,['RCBC']
RCBCV8.L2B1,80-120A,['RCBC']
RCBCV8.L3B2,80-120A,['RCBC']
RCBCV8.L4B1,80-120A,['RCBC']
RCBCV8.L5B2,80-120A,['RCBC']
RCBCV8.L6B1,80-120A,['RCBC']
RCBCV8.L7B2,80-120A,['RCBC']
RCBCV8.L8B1,80-120A,['RCBC']
RCBCV8.R1B1,80-120A,['RCBC']
RCBCV8.R2B2,80-120A,['RCBC']
RCBCV8.R3B1,80-120A,['RCBC']
RCBCV8.R4B2,80-120A,['RCBC']
RCBCV8.R5B1,80-120A,['RCBC']
RCBCV8.R6B2,80-120A,['RCBC']
RCBCV8.R7B1,80-120A,['RCBC']
RCBCV8.R8B2,80-120A,['RCBC']
RCBCV9.L1B1,80-120A,['RCBC']
RCBCV9.L2B2,80-120A,['RCBC']
RCBCV9.L3B1,80-120A,['RCBC']
RCBCV9.L4B2,80-120A,['RCBC']
RCBCV9.L5B1,80-120A,['RCBC']
RCBCV9.L6B2,80-120A,['RCBC']
RCBCV9.L7B1,80-120A,['RCBC']
RCBCV9.L8B2,80-120A,['RCBC']
RCBCV9.R1B2,80-120A,['RCBC']
RCBCV9.R2B1,80-120A,['RCBC']
RCBCV9.R3B2,80-120A,['RCBC']
RCBCV9.R4B1,80-120A,['RCBC']
RCBCV9.R5B2,80-120A,['RCBC']
RCBCV9.R6B1,80-120A,['RCBC']
RCBCV9.R7B2,80-120A,['RCBC']
RCBCV9.R8B1,80-120A,['RCBC']
RCBCVS5.L8B1,80-120A,['RCBC']
RCBCVS5.L8B2,80-120A,['RCBC']
RCBCVS5.R2B1,80-120A,['RCBC']
RCBCVS5.R2B2,80-120A,['RCBC']
RCBYH4.L1B1,80-120A,['RCBY']
RCBYH4.L2B2,80-120A,['RCBY']
RCBYH4.L5B1,80-120A,['RCBY']
RCBYH4.L6B2,80-120A,['RCBY']
RCBYH4.L8B2,80-120A,['RCBY']
RCBYH4.R1B2,80-120A,['RCBY']
RCBYH4.R2B1,80-120A,['RCBY']
RCBYH4.R5B2,80-120A,['RCBY']
RCBYH4.R6B1,80-120A,['RCBY']
RCBYH4.R8B1,80-120A,['RCBY']
RCBYH5.L2B1,80-120A,['RCBY']
RCBYH5.L4B1,80-120A,['RCBY']
RCBYH5.L6B1,80-120A,['RCBY']
RCBYH5.R4B2,80-120A,['RCBY']
RCBYH5.R6B2,80-120A,['RCBY']
RCBYH5.R8B2,80-120A,['RCBY']
RCBYH6.L4B2,80-120A,['RCBY']
RCBYH6.R4B1,80-120A,['RCBY']
RCBYHS4.L1B1,80-120A,['RCBY']
RCBYHS4.L1B2,80-120A,['RCBY']
RCBYHS4.L2B1,80-120A,['RCBY']
RCBYHS4.L2B2,80-120A,['RCBY']
RCBYHS4.L5B1,80-120A,['RCBY']
RCBYHS4.L5B2,80-120A,['RCBY']
RCBYHS4.L8B1,80-120A,['RCBY']
RCBYHS4.L8B2,80-120A,['RCBY']
RCBYHS4.R1B1,80-120A,['RCBY']
RCBYHS4.R1B2,80-120A,['RCBY']
RCBYHS4.R2B1,80-120A,['RCBY']
RCBYHS4.R2B2,80-120A,['RCBY']
RCBYHS4.R5B1,80-120A,['RCBY']
RCBYHS4.R5B2,80-120A,['RCBY']
RCBYHS4.R8B1,80-120A,['RCBY']
RCBYHS4.R8B2,80-120A,['RCBY']
RCBYHS5.L2B1,80-120A,['RCBY']
RCBYHS5.L2B2,80-120A,['RCBY']
RCBYHS5.R8B1,80-120A,['RCBY']
RCBYHS5.R8B2,80-120A,['RCBY']
RCBYV4.L1B2,80-120A,['RCBY']
RCBYV4.L2B1,80-120A,['RCBY']
RCBYV4.L5B2,80-120A,['RCBY']
RCBYV4.L6B1,80-120A,['RCBY']
RCBYV4.L8B1,80-120A,['RCBY']
RCBYV4.R1B1,80-120A,['RCBY']
RCBYV4.R2B2,80-120A,['RCBY']
RCBYV4.R5B1,80-120A,['RCBY']
RCBYV4.R6B2,80-120A,['RCBY']
RCBYV4.R8B2,80-120A,['RCBY']
RCBYV5.L2B2,80-120A,['RCBY']
RCBYV5.L4B2,80-120A,['RCBY']
RCBYV5.L6B2,80-120A,['RCBY']
RCBYV5.R4B1,80-120A,['RCBY']
RCBYV5.R6B1,80-120A,['RCBY']
RCBYV5.R8B1,80-120A,['RCBY']
RCBYV6.L4B1,80-120A,['RCBY']
RCBYV6.R4B2,80-120A,['RCBY']
RCBYVS4.L1B1,80-120A,['RCBY']
RCBYVS4.L1B2,80-120A,['RCBY']
RCBYVS4.L2B1,80-120A,['RCBY']
RCBYVS4.L2B2,80-120A,['RCBY']
RCBYVS4.L5B1,80-120A,['RCBY']
RCBYVS4.L5B2,80-120A,['RCBY']
RCBYVS4.L8B1,80-120A,['RCBY']
RCBYVS4.L8B2,80-120A,['RCBY']
RCBYVS4.R1B1,80-120A,['RCBY']
RCBYVS4.R1B2,80-120A,['RCBY']
RCBYVS4.R2B1,80-120A,['RCBY']
RCBYVS4.R2B2,80-120A,['RCBY']
RCBYVS4.R5B1,80-120A,['RCBY']
RCBYVS4.R5B2,80-120A,['RCBY']
RCBYVS4.R8B1,80-120A,['RCBY']
RCBYVS4.R8B2,80-120A,['RCBY']
RCBYVS5.L2B1,80-120A,['RCBY']
RCBYVS5.L2B2,80-120A,['RCBY']
RCBYVS5.R8B1,80-120A,['RCBY']
RCBYVS5.R8B2,80-120A,['RCBY']
RD1.L2,IPD,['RD1']
RD1.L8,IPD,['RD1']
RD1.R2,IPD,['RD1']
RD1.R8,IPD,['RD1']
RD2.L1,IPD,['RD2']
RD2.L2,IPD,['RD2']
RD2.L5,IPD,['RD2']
RD2.L8,IPD,['RD2']
RD2.R1,IPD,['RD2']
RD2.R2,IPD,['RD2']
RD2.R5,IPD,['RD2']
RD2.R8,IPD,['RD2']
RD3.L4,IPD,['RD3']
RD3.R4,IPD,['RD3']
RD4.L4,IPD,['RD4']
RD4.R4,IPD,['RD4']
RQ4.L1,IPQ,['IPQ_RQ4_2_2xRPHH_2xMQY']
RQ4.L2,IPQ,['IPQ_RQ4_4_2xRPHH_4xMQY']
RQ4.L5,IPQ,['IPQ_RQ4_2_2xRPHH_2xMQY']
RQ4.L6,IPQ,['IPQ_RQ4_2_2xRPHH_2xMQY']
RQ4.L8,IPQ,['IPQ_RQ4_4_2xRPHH_4xMQY']
RQ4.R1,IPQ,['IPQ_RQ4_2_2xRPHH_2xMQY']
RQ4.R2,IPQ,['IPQ_RQ4_4_2xRPHH_4xMQY']
RQ4.R5,IPQ,['IPQ_RQ4_2_2xRPHH_2xMQY']
RQ4.R6,IPQ,['IPQ_RQ4_2_2xRPHH_2xMQY']
RQ4.R8,IPQ,['IPQ_RQ4_4_2xRPHH_4xMQY']
RQ5.L1,IPQ,['IPQ_RQ5_2_2xRPHGB_2xMQML']
RQ5.L2,IPQ,['IPQ_RQ5_4_2xRPHH_4xMQY']
RQ5.L4,IPQ,['IPQ_RQ5_2_2xRPHH_2xMQY']
RQ5.L5,IPQ,['IPQ_RQ5_2_2xRPHGB_2xMQML']
RQ5.L6,IPQ,['IPQ_RQ5_2_2xRPHH_2xMQY']
RQ5.L8,IPQ,['IPQ_RQ5_4_2xRPHGB_4xMQM']
RQ5.R1,IPQ,['IPQ_RQ5_2_2xRPHGB_2xMQML']
RQ5.R2,IPQ,['IPQ_RQ5_4_2xRPHGB_4xMQM']
RQ5.R4,IPQ,['IPQ_RQ5_2_2xRPHH_2xMQY']
RQ5.R5,IPQ,['IPQ_RQ5_2_2xRPHGB_2xMQML']
RQ5.R6,IPQ,['IPQ_RQ5_2_2xRPHH_2xMQY']
RQ5.R8,IPQ,['IPQ_RQ5_4_2xRPHH_4xMQY']
RQ6.L1,IPQ,['IPQ_RQ6_2_2xRPHGB_2xMQML']
RQ6.L2,IPQ,['IPQ_RQ6_4_2xRPHGB_2xMQM_2xMQML']
RQ6.L4,IPQ,['IPQ_RQ6_2_2xRPHGB_2xMQY']
RQ6.L5,IPQ,['IPQ_RQ6_2_2xRPHGB_2xMQML']
RQ6.L8,IPQ,['IPQ_RQ6_4_2xRPHGB_2xMQM_2xMQML']
RQ6.R1,IPQ,['IPQ_RQ6_2_2xRPHGB_2xMQML']
RQ6.R2,IPQ,['IPQ_RQ6_4_2xRPHGB_2xMQM_2xMQML']
RQ6.R4,IPQ,['IPQ_RQ6_2_2xRPHGB_2xMQY']
RQ6.R5,IPQ,['IPQ_RQ6_2_2xRPHGB_2xMQML']
RQ6.R8,IPQ,['IPQ_RQ6_4_2xRPHGB_2xMQM_2xMQML']
RQ7.L1,IPQ,['IPQ_RQ7_4_2xRPHGA_4xMQM']
RQ7.L2,IPQ,['IPQ_RQ7_4_2xRPHGA_4xMQM']
RQ7.L4,IPQ,['IPQ_RQ7_2_2xRPHGA_2xMQM']
RQ7.L5,IPQ,['IPQ_RQ7_4_2xRPHGA_4xMQM']
RQ7.L8,IPQ,['IPQ_RQ7_4_2xRPHGA_4xMQM']
RQ7.R1,IPQ,['IPQ_RQ7_4_2xRPHGA_4xMQM']
RQ7.R2,IPQ,['IPQ_RQ7_4_2xRPHGA_4xMQM']
RQ7.R4,IPQ,['IPQ_RQ7_2_2xRPHGA_2xMQM']
RQ7.R5,IPQ,['IPQ_RQ7_4_2xRPHGA_4xMQM']
RQ7.R8,IPQ,['IPQ_RQ7_4_2xRPHGA_4xMQM']
RQ8.L1,IPQ,['IPQ_RQ8_2_2xRPHGA_2xMQML']
RQ8.L2,IPQ,['IPQ_RQ8_2_2xRPHGA_2xMQML']
RQ8.L4,IPQ,['IPQ_RQ8_2_2xRPHGA_2xMQML']
RQ8.L5,IPQ,['IPQ_RQ8_2_2xRPHGA_2xMQML']
RQ8.L6,IPQ,['IPQ_RQ8_2_2xRPHGA_2xMQML']
RQ8.L8,IPQ,['IPQ_RQ8_2_2xRPHGA_2xMQML']
RQ8.R1,IPQ,['IPQ_RQ8_2_2xRPHGA_2xMQML']
RQ8.R2,IPQ,['IPQ_RQ8_2_2xRPHGA_2xMQML']
RQ8.R4,IPQ,['IPQ_RQ8_2_2xRPHGA_2xMQML']
RQ8.R5,IPQ,['IPQ_RQ8_2_2xRPHGA_2xMQML']
RQ8.R6,IPQ,['IPQ_RQ8_2_2xRPHGA_2xMQML']
RQ8.R8,IPQ,['IPQ_RQ8_2_2xRPHGA_2xMQML']
RQ9.L1,IPQ,['IPQ_RQ9_4_2xRPHGA_2xMQM_2xMQMC']
RQ9.L2,IPQ,['IPQ_RQ9_4_2xRPHGA_2xMQM_2xMQMC']
RQ9.L4,IPQ,['IPQ_RQ9_4_2xRPHGA_2xMQM_2xMQMC']
RQ9.L5,IPQ,['IPQ_RQ9_4_2xRPHGA_2xMQM_2xMQMC']
RQ9.L6,IPQ,['IPQ_RQ9_4_2xRPHGA_2xMQM_2xMQMC']
RQ9.L8,IPQ,['IPQ_RQ9_4_2xRPHGA_2xMQM_2xMQMC']
RQ9.R1,IPQ,['IPQ_RQ9_4_2xRPHGA_2xMQM_2xMQMC']
RQ9.R2,IPQ,['IPQ_RQ9_4_2xRPHGA_2xMQM_2xMQMC']
RQ9.R4,IPQ,['IPQ_RQ9_4_2xRPHGA_2xMQM_2xMQMC']
RQ9.R5,IPQ,['IPQ_RQ9_4_2xRPHGA_2xMQM_2xMQMC']
RQ9.R6,IPQ,['IPQ_RQ9_4_2xRPHGA_2xMQM_2xMQMC']
RQ9.R8,IPQ,['IPQ_RQ9_4_2xRPHGA_2xMQM_2xMQMC']
RQ10.L1,IPQ,['IPQ_RQ10_2_2xRPHGA_2xMQML']
RQ10.L2,IPQ,['IPQ_RQ10_2_2xRPHGA_2xMQML']
RQ10.L4,IPQ,['IPQ_RQ10_2_2xRPHGA_2xMQML']
RQ10.L5,IPQ,['IPQ_RQ10_2_2xRPHGA_2xMQML']
RQ10.L6,IPQ,['IPQ_RQ10_2_2xRPHGA_2xMQML']
RQ10.L8,IPQ,['IPQ_RQ10_2_2xRPHGA_2xMQML']
RQ10.R1,IPQ,['IPQ_RQ10_2_2xRPHGA_2xMQML']
RQ10.R2,IPQ,['IPQ_RQ10_2_2xRPHGA_2xMQML']
RQ10.R4,IPQ,['IPQ_RQ10_2_2xRPHGA_2xMQML']
RQ10.R5,IPQ,['IPQ_RQ10_2_2xRPHGA_2xMQML']
RQ10.R6,IPQ,['IPQ_RQ10_2_2xRPHGA_2xMQML']
RQ10.R8,IPQ,['IPQ_RQ10_2_2xRPHGA_2xMQML']
RB.A12,RB,['RB']
RB.A23,RB,['RB']
RB.A34,RB,['RB']
RB.A45,RB,['RB']
RB.A56,RB,['RB']
RB.A67,RB,['RB']
RB.A78,RB,['RB']
RB.A81,RB,['RB']
RCBXH1.L1_RCBXV1.L1,600A,['RCBX']
RCBXH1.L1_RCBXV1.R1,600A,['RCBX']
RCBXH1.L1_RCBXV1.L2,600A,['RCBX']
RCBXH1.L1_RCBXV1.R2,600A,['RCBX']
RCBXH1.L1_RCBXV1.L5,600A,['RCBX']
RCBXH1.L1_RCBXV1.R5,600A,['RCBX']
RCBXH1.L1_RCBXV2.L1,600A,['RCBX']
RCBXH1.L1_RCBXV2.R1,600A,['RCBX']
RCBXH1.L1_RCBXV2.L2,600A,['RCBX']
RCBXH1.L1_RCBXV2.R2,600A,['RCBX']
RCBXH1.L1_RCBXV2.L5,600A,['RCBX']
RCBXH1.L1_RCBXV2.R5,600A,['RCBX']
RCBXH1.L1_RCBXV2.L8,600A,['RCBX']
RCBXH1.L1_RCBXV2.R8,600A,['RCBX']
RCBXH1.L1_RCBXV3.L1,600A,['RCBX']
RCBXH1.L1_RCBXV3.R1,600A,['RCBX']
RCBXH1.L1_RCBXV3.L2,600A,['RCBX']
RCBXH1.L1_RCBXV3.R2,600A,['RCBX']
RCBXH1.L1_RCBXV3.L5,600A,['RCBX']
RCBXH1.L1_RCBXV3.R5,600A,['RCBX']
RCBXH1.L1_RCBXV3.L8,600A,['RCBX']
RCBXH1.L1_RCBXV3.R8,600A,['RCBX']
RCBXH1.R1_RCBXV1.L1,600A,['RCBX']
RCBXH1.R1_RCBXV1.R1,600A,['RCBX']
RCBXH1.R1_RCBXV1.L2,600A,['RCBX']
RCBXH1.R1_RCBXV1.R2,600A,['RCBX']
RCBXH1.R1_RCBXV1.L5,600A,['RCBX']
RCBXH1.R1_RCBXV1.R5,600A,['RCBX']
RCBXH1.R1_RCBXV2.L1,600A,['RCBX']
RCBXH1.R1_RCBXV2.R1,600A,['RCBX']
RCBXH1.R1_RCBXV2.L2,600A,['RCBX']
RCBXH1.R1_RCBXV2.R2,600A,['RCBX']
RCBXH1.R1_RCBXV2.L5,600A,['RCBX']
RCBXH1.R1_RCBXV2.R5,600A,['RCBX']
RCBXH1.R1_RCBXV2.L8,600A,['RCBX']
RCBXH1.R1_RCBXV2.R8,600A,['RCBX']
RCBXH1.R1_RCBXV3.L1,600A,['RCBX']
RCBXH1.R1_RCBXV3.R1,600A,['RCBX']
RCBXH1.R1_RCBXV3.L2,600A,['RCBX']
RCBXH1.R1_RCBXV3.R2,600A,['RCBX']
RCBXH1.R1_RCBXV3.L5,600A,['RCBX']
RCBXH1.R1_RCBXV3.R5,600A,['RCBX']
RCBXH1.R1_RCBXV3.L8,600A,['RCBX']
RCBXH1.R1_RCBXV3.R8,600A,['RCBX']
RCBXH1.L2_RCBXV1.L1,600A,['RCBX']
RCBXH1.L2_RCBXV1.R1,600A,['RCBX']
RCBXH1.L2_RCBXV1.L2,600A,['RCBX']
RCBXH1.L2_RCBXV1.R2,600A,['RCBX']
RCBXH1.L2_RCBXV1.L5,600A,['RCBX']
RCBXH1.L2_RCBXV1.R5,600A,['RCBX']
RCBXH1.L2_RCBXV2.L1,600A,['RCBX']
RCBXH1.L2_RCBXV2.R1,600A,['RCBX']
RCBXH1.L2_RCBXV2.L2,600A,['RCBX']
RCBXH1.L2_RCBXV2.R2,600A,['RCBX']
RCBXH1.L2_RCBXV2.L5,600A,['RCBX']
RCBXH1.L2_RCBXV2.R5,600A,['RCBX']
RCBXH1.L2_RCBXV2.L8,600A,['RCBX']
RCBXH1.L2_RCBXV2.R8,600A,['RCBX']
RCBXH1.L2_RCBXV3.L1,600A,['RCBX']
RCBXH1.L2_RCBXV3.R1,600A,['RCBX']
RCBXH1.L2_RCBXV3.L2,600A,['RCBX']
RCBXH1.L2_RCBXV3.R2,600A,['RCBX']
RCBXH1.L2_RCBXV3.L5,600A,['RCBX']
RCBXH1.L2_RCBXV3.R5,600A,['RCBX']
RCBXH1.L2_RCBXV3.L8,600A,['RCBX']
RCBXH1.L2_RCBXV3.R8,600A,['RCBX']
RCBXH1.R2_RCBXV1.L1,600A,['RCBX']
RCBXH1.R2_RCBXV1.R1,600A,['RCBX']
RCBXH1.R2_RCBXV1.L2,600A,['RCBX']
RCBXH1.R2_RCBXV1.R2,600A,['RCBX']
RCBXH1.R2_RCBXV1.L5,600A,['RCBX']
RCBXH1.R2_RCBXV1.R5,600A,['RCBX']
RCBXH1.R2_RCBXV2.L1,600A,['RCBX']
RCBXH1.R2_RCBXV2.R1,600A,['RCBX']
RCBXH1.R2_RCBXV2.L2,600A,['RCBX']
RCBXH1.R2_RCBXV2.R2,600A,['RCBX']
RCBXH1.R2_RCBXV2.L5,600A,['RCBX']
RCBXH1.R2_RCBXV2.R5,600A,['RCBX']
RCBXH1.R2_RCBXV2.L8,600A,['RCBX']
RCBXH1.R2_RCBXV2.R8,600A,['RCBX']
RCBXH1.R2_RCBXV3.L1,600A,['RCBX']
RCBXH1.R2_RCBXV3.R1,600A,['RCBX']
RCBXH1.R2_RCBXV3.L2,600A,['RCBX']
RCBXH1.R2_RCBXV3.R2,600A,['RCBX']
RCBXH1.R2_RCBXV3.L5,600A,['RCBX']
RCBXH1.R2_RCBXV3.R5,600A,['RCBX']
RCBXH1.R2_RCBXV3.L8,600A,['RCBX']
RCBXH1.R2_RCBXV3.R8,600A,['RCBX']
RCBXH1.L5_RCBXV1.L1,600A,['RCBX']
RCBXH1.L5_RCBXV1.R1,600A,['RCBX']
RCBXH1.L5_RCBXV1.L2,600A,['RCBX']
RCBXH1.L5_RCBXV1.R2,600A,['RCBX']
RCBXH1.L5_RCBXV1.L5,600A,['RCBX']
RCBXH1.L5_RCBXV1.R5,600A,['RCBX']
RCBXH1.L5_RCBXV2.L1,600A,['RCBX']
RCBXH1.L5_RCBXV2.R1,600A,['RCBX']
RCBXH1.L5_RCBXV2.L2,600A,['RCBX']
RCBXH1.L5_RCBXV2.R2,600A,['RCBX']
RCBXH1.L5_RCBXV2.L5,600A,['RCBX']
RCBXH1.L5_RCBXV2.R5,600A,['RCBX']
RCBXH1.L5_RCBXV2.L8,600A,['RCBX']
RCBXH1.L5_RCBXV2.R8,600A,['RCBX']
RCBXH1.L5_RCBXV3.L1,600A,['RCBX']
RCBXH1.L5_RCBXV3.R1,600A,['RCBX']
RCBXH1.L5_RCBXV3.L2,600A,['RCBX']
RCBXH1.L5_RCBXV3.R2,600A,['RCBX']
RCBXH1.L5_RCBXV3.L5,600A,['RCBX']
RCBXH1.L5_RCBXV3.R5,600A,['RCBX']
RCBXH1.L5_RCBXV3.L8,600A,['RCBX']
RCBXH1.L5_RCBXV3.R8,600A,['RCBX']
RCBXH1.R5_RCBXV1.L1,600A,['RCBX']
RCBXH1.R5_RCBXV1.R1,600A,['RCBX']
RCBXH1.R5_RCBXV1.L2,600A,['RCBX']
RCBXH1.R5_RCBXV1.R2,600A,['RCBX']
RCBXH1.R5_RCBXV1.L5,600A,['RCBX']
RCBXH1.R5_RCBXV1.R5,600A,['RCBX']
RCBXH1.R5_RCBXV2.L1,600A,['RCBX']
RCBXH1.R5_RCBXV2.R1,600A,['RCBX']
RCBXH1.R5_RCBXV2.L2,600A,['RCBX']
RCBXH1.R5_RCBXV2.R2,600A,['RCBX']
RCBXH1.R5_RCBXV2.L5,600A,['RCBX']
RCBXH1.R5_RCBXV2.R5,600A,['RCBX']
RCBXH1.R5_RCBXV2.L8,600A,['RCBX']
RCBXH1.R5_RCBXV2.R8,600A,['RCBX']
RCBXH1.R5_RCBXV3.L1,600A,['RCBX']
RCBXH1.R5_RCBXV3.R1,600A,['RCBX']
RCBXH1.R5_RCBXV3.L2,600A,['RCBX']
RCBXH1.R5_RCBXV3.R2,600A,['RCBX']
RCBXH1.R5_RCBXV3.L5,600A,['RCBX']
RCBXH1.R5_RCBXV3.R5,600A,['RCBX']
RCBXH1.R5_RCBXV3.L8,600A,['RCBX']
RCBXH1.R5_RCBXV3.R8,600A,['RCBX']
RCBXH2.L1_RCBXV1.L1,600A,['RCBX']
RCBXH2.L1_RCBXV1.R1,600A,['RCBX']
RCBXH2.L1_RCBXV1.L2,600A,['RCBX']
RCBXH2.L1_RCBXV1.R2,600A,['RCBX']
RCBXH2.L1_RCBXV1.L5,600A,['RCBX']
RCBXH2.L1_RCBXV1.R5,600A,['RCBX']
RCBXH2.L1_RCBXV2.L1,600A,['RCBX']
RCBXH2.L1_RCBXV2.R1,600A,['RCBX']
RCBXH2.L1_RCBXV2.L2,600A,['RCBX']
RCBXH2.L1_RCBXV2.R2,600A,['RCBX']
RCBXH2.L1_RCBXV2.L5,600A,['RCBX']
RCBXH2.L1_RCBXV2.R5,600A,['RCBX']
RCBXH2.L1_RCBXV2.L8,600A,['RCBX']
RCBXH2.L1_RCBXV2.R8,600A,['RCBX']
RCBXH2.L1_RCBXV3.L1,600A,['RCBX']
RCBXH2.L1_RCBXV3.R1,600A,['RCBX']
RCBXH2.L1_RCBXV3.L2,600A,['RCBX']
RCBXH2.L1_RCBXV3.R2,600A,['RCBX']
RCBXH2.L1_RCBXV3.L5,600A,['RCBX']
RCBXH2.L1_RCBXV3.R5,600A,['RCBX']
RCBXH2.L1_RCBXV3.L8,600A,['RCBX']
RCBXH2.L1_RCBXV3.R8,600A,['RCBX']
RCBXH2.R1_RCBXV1.L1,600A,['RCBX']
RCBXH2.R1_RCBXV1.R1,600A,['RCBX']
RCBXH2.R1_RCBXV1.L2,600A,['RCBX']
RCBXH2.R1_RCBXV1.R2,600A,['RCBX']
RCBXH2.R1_RCBXV1.L5,600A,['RCBX']
RCBXH2.R1_RCBXV1.R5,600A,['RCBX']
RCBXH2.R1_RCBXV2.L1,600A,['RCBX']
RCBXH2.R1_RCBXV2.R1,600A,['RCBX']
RCBXH2.R1_RCBXV2.L2,600A,['RCBX']
RCBXH2.R1_RCBXV2.R2,600A,['RCBX']
RCBXH2.R1_RCBXV2.L5,600A,['RCBX']
RCBXH2.R1_RCBXV2.R5,600A,['RCBX']
RCBXH2.R1_RCBXV2.L8,600A,['RCBX']
RCBXH2.R1_RCBXV2.R8,600A,['RCBX']
RCBXH2.R1_RCBXV3.L1,600A,['RCBX']
RCBXH2.R1_RCBXV3.R1,600A,['RCBX']
RCBXH2.R1_RCBXV3.L2,600A,['RCBX']
RCBXH2.R1_RCBXV3.R2,600A,['RCBX']
RCBXH2.R1_RCBXV3.L5,600A,['RCBX']
RCBXH2.R1_RCBXV3.R5,600A,['RCBX']
RCBXH2.R1_RCBXV3.L8,600A,['RCBX']
RCBXH2.R1_RCBXV3.R8,600A,['RCBX']
RCBXH2.L2_RCBXV1.L1,600A,['RCBX']
RCBXH2.L2_RCBXV1.R1,600A,['RCBX']
RCBXH2.L2_RCBXV1.L2,600A,['RCBX']
RCBXH2.L2_RCBXV1.R2,600A,['RCBX']
RCBXH2.L2_RCBXV1.L5,600A,['RCBX']
RCBXH2.L2_RCBXV1.R5,600A,['RCBX']
RCBXH2.L2_RCBXV2.L1,600A,['RCBX']
RCBXH2.L2_RCBXV2.R1,600A,['RCBX']
RCBXH2.L2_RCBXV2.L2,600A,['RCBX']
RCBXH2.L2_RCBXV2.R2,600A,['RCBX']
RCBXH2.L2_RCBXV2.L5,600A,['RCBX']
RCBXH2.L2_RCBXV2.R5,600A,['RCBX']
RCBXH2.L2_RCBXV2.L8,600A,['RCBX']
RCBXH2.L2_RCBXV2.R8,600A,['RCBX']
RCBXH2.L2_RCBXV3.L1,600A,['RCBX']
RCBXH2.L2_RCBXV3.R1,600A,['RCBX']
RCBXH2.L2_RCBXV3.L2,600A,['RCBX']
RCBXH2.L2_RCBXV3.R2,600A,['RCBX']
RCBXH2.L2_RCBXV3.L5,600A,['RCBX']
RCBXH2.L2_RCBXV3.R5,600A,['RCBX']
RCBXH2.L2_RCBXV3.L8,600A,['RCBX']
RCBXH2.L2_RCBXV3.R8,600A,['RCBX']
RCBXH2.R2_RCBXV1.L1,600A,['RCBX']
RCBXH2.R2_RCBXV1.R1,600A,['RCBX']
RCBXH2.R2_RCBXV1.L2,600A,['RCBX']
RCBXH2.R2_RCBXV1.R2,600A,['RCBX']
RCBXH2.R2_RCBXV1.L5,600A,['RCBX']
RCBXH2.R2_RCBXV1.R5,600A,['RCBX']
RCBXH2.R2_RCBXV2.L1,600A,['RCBX']
RCBXH2.R2_RCBXV2.R1,600A,['RCBX']
RCBXH2.R2_RCBXV2.L2,600A,['RCBX']
RCBXH2.R2_RCBXV2.R2,600A,['RCBX']
RCBXH2.R2_RCBXV2.L5,600A,['RCBX']
RCBXH2.R2_RCBXV2.R5,600A,['RCBX']
RCBXH2.R2_RCBXV2.L8,600A,['RCBX']
RCBXH2.R2_RCBXV2.R8,600A,['RCBX']
RCBXH2.R2_RCBXV3.L1,600A,['RCBX']
RCBXH2.R2_RCBXV3.R1,600A,['RCBX']
RCBXH2.R2_RCBXV3.L2,600A,['RCBX']
RCBXH2.R2_RCBXV3.R2,600A,['RCBX']
RCBXH2.R2_RCBXV3.L5,600A,['RCBX']
RCBXH2.R2_RCBXV3.R5,600A,['RCBX']
RCBXH2.R2_RCBXV3.L8,600A,['RCBX']
RCBXH2.R2_RCBXV3.R8,600A,['RCBX']
RCBXH2.L5_RCBXV1.L1,600A,['RCBX']
RCBXH2.L5_RCBXV1.R1,600A,['RCBX']
RCBXH2.L5_RCBXV1.L2,600A,['RCBX']
RCBXH2.L5_RCBXV1.R2,600A,['RCBX']
RCBXH2.L5_RCBXV1.L5,600A,['RCBX']
RCBXH2.L5_RCBXV1.R5,600A,['RCBX']
RCBXH2.L5_RCBXV2.L1,600A,['RCBX']
RCBXH2.L5_RCBXV2.R1,600A,['RCBX']
RCBXH2.L5_RCBXV2.L2,600A,['RCBX']
RCBXH2.L5_RCBXV2.R2,600A,['RCBX']
RCBXH2.L5_RCBXV2.L5,600A,['RCBX']
RCBXH2.L5_RCBXV2.R5,600A,['RCBX']
RCBXH2.L5_RCBXV2.L8,600A,['RCBX']
RCBXH2.L5_RCBXV2.R8,600A,['RCBX']
RCBXH2.L5_RCBXV3.L1,600A,['RCBX']
RCBXH2.L5_RCBXV3.R1,600A,['RCBX']
RCBXH2.L5_RCBXV3.L2,600A,['RCBX']
RCBXH2.L5_RCBXV3.R2,600A,['RCBX']
RCBXH2.L5_RCBXV3.L5,600A,['RCBX']
RCBXH2.L5_RCBXV3.R5,600A,['RCBX']
RCBXH2.L5_RCBXV3.L8,600A,['RCBX']
RCBXH2.L5_RCBXV3.R8,600A,['RCBX']
RCBXH2.R5_RCBXV1.L1,600A,['RCBX']
RCBXH2.R5_RCBXV1.R1,600A,['RCBX']
RCBXH2.R5_RCBXV1.L2,600A,['RCBX']
RCBXH2.R5_RCBXV1.R2,600A,['RCBX']
RCBXH2.R5_RCBXV1.L5,600A,['RCBX']
RCBXH2.R5_RCBXV1.R5,600A,['RCBX']
RCBXH2.R5_RCBXV2.L1,600A,['RCBX']
RCBXH2.R5_RCBXV2.R1,600A,['RCBX']
RCBXH2.R5_RCBXV2.L2,600A,['RCBX']
RCBXH2.R5_RCBXV2.R2,600A,['RCBX']
RCBXH2.R5_RCBXV2.L5,600A,['RCBX']
RCBXH2.R5_RCBXV2.R5,600A,['RCBX']
RCBXH2.R5_RCBXV2.L8,600A,['RCBX']
RCBXH2.R5_RCBXV2.R8,600A,['RCBX']
RCBXH2.R5_RCBXV3.L1,600A,['RCBX']
RCBXH2.R5_RCBXV3.R1,600A,['RCBX']
RCBXH2.R5_RCBXV3.L2,600A,['RCBX']
RCBXH2.R5_RCBXV3.R2,600A,['RCBX']
RCBXH2.R5_RCBXV3.L5,600A,['RCBX']
RCBXH2.R5_RCBXV3.R5,600A,['RCBX']
RCBXH2.R5_RCBXV3.L8,600A,['RCBX']
RCBXH2.R5_RCBXV3.R8,600A,['RCBX']
RCBXH2.L8_RCBXV1.L1,600A,['RCBX']
RCBXH2.L8_RCBXV1.R1,600A,['RCBX']
RCBXH2.L8_RCBXV1.L2,600A,['RCBX']
RCBXH2.L8_RCBXV1.R2,600A,['RCBX']
RCBXH2.L8_RCBXV1.L5,600A,['RCBX']
RCBXH2.L8_RCBXV1.R5,600A,['RCBX']
RCBXH2.L8_RCBXV2.L1,600A,['RCBX']
RCBXH2.L8_RCBXV2.R1,600A,['RCBX']
RCBXH2.L8_RCBXV2.L2,600A,['RCBX']
RCBXH2.L8_RCBXV2.R2,600A,['RCBX']
RCBXH2.L8_RCBXV2.L5,600A,['RCBX']
RCBXH2.L8_RCBXV2.R5,600A,['RCBX']
RCBXH2.L8_RCBXV2.L8,600A,['RCBX']
RCBXH2.L8_RCBXV2.R8,600A,['RCBX']
RCBXH2.L8_RCBXV3.L1,600A,['RCBX']
RCBXH2.L8_RCBXV3.R1,600A,['RCBX']
RCBXH2.L8_RCBXV3.L2,600A,['RCBX']
RCBXH2.L8_RCBXV3.R2,600A,['RCBX']
RCBXH2.L8_RCBXV3.L5,600A,['RCBX']
RCBXH2.L8_RCBXV3.R5,600A,['RCBX']
RCBXH2.L8_RCBXV3.L8,600A,['RCBX']
RCBXH2.L8_RCBXV3.R8,600A,['RCBX']
RCBXH2.R8_RCBXV1.L1,600A,['RCBX']
RCBXH2.R8_RCBXV1.R1,600A,['RCBX']
RCBXH2.R8_RCBXV1.L2,600A,['RCBX']
RCBXH2.R8_RCBXV1.R2,600A,['RCBX']
RCBXH2.R8_RCBXV1.L5,600A,['RCBX']
RCBXH2.R8_RCBXV1.R5,600A,['RCBX']
RCBXH2.R8_RCBXV2.L1,600A,['RCBX']
RCBXH2.R8_RCBXV2.R1,600A,['RCBX']
RCBXH2.R8_RCBXV2.L2,600A,['RCBX']
RCBXH2.R8_RCBXV2.R2,600A,['RCBX']
RCBXH2.R8_RCBXV2.L5,600A,['RCBX']
RCBXH2.R8_RCBXV2.R5,600A,['RCBX']
RCBXH2.R8_RCBXV2.L8,600A,['RCBX']
RCBXH2.R8_RCBXV2.R8,600A,['RCBX']
RCBXH2.R8_RCBXV3.L1,600A,['RCBX']
RCBXH2.R8_RCBXV3.R1,600A,['RCBX']
RCBXH2.R8_RCBXV3.L2,600A,['RCBX']
RCBXH2.R8_RCBXV3.R2,600A,['RCBX']
RCBXH2.R8_RCBXV3.L5,600A,['RCBX']
RCBXH2.R8_RCBXV3.R5,600A,['RCBX']
RCBXH2.R8_RCBXV3.L8,600A,['RCBX']
RCBXH2.R8_RCBXV3.R8,600A,['RCBX']
RCBXH3.L1_RCBXV1.L1,600A,['RCBX']
RCBXH3.L1_RCBXV1.R1,600A,['RCBX']
RCBXH3.L1_RCBXV1.L2,600A,['RCBX']
RCBXH3.L1_RCBXV1.R2,600A,['RCBX']
RCBXH3.L1_RCBXV1.L5,600A,['RCBX']
RCBXH3.L1_RCBXV1.R5,600A,['RCBX']
RCBXH3.L1_RCBXV2.L1,600A,['RCBX']
RCBXH3.L1_RCBXV2.R1,600A,['RCBX']
RCBXH3.L1_RCBXV2.L2,600A,['RCBX']
RCBXH3.L1_RCBXV2.R2,600A,['RCBX']
RCBXH3.L1_RCBXV2.L5,600A,['RCBX']
RCBXH3.L1_RCBXV2.R5,600A,['RCBX']
RCBXH3.L1_RCBXV2.L8,600A,['RCBX']
RCBXH3.L1_RCBXV2.R8,600A,['RCBX']
RCBXH3.L1_RCBXV3.L1,600A,['RCBX']
RCBXH3.L1_RCBXV3.R1,600A,['RCBX']
RCBXH3.L1_RCBXV3.L2,600A,['RCBX']
RCBXH3.L1_RCBXV3.R2,600A,['RCBX']
RCBXH3.L1_RCBXV3.L5,600A,['RCBX']
RCBXH3.L1_RCBXV3.R5,600A,['RCBX']
RCBXH3.L1_RCBXV3.L8,600A,['RCBX']
RCBXH3.L1_RCBXV3.R8,600A,['RCBX']
RCBXH3.R1_RCBXV1.L1,600A,['RCBX']
RCBXH3.R1_RCBXV1.R1,600A,['RCBX']
RCBXH3.R1_RCBXV1.L2,600A,['RCBX']
RCBXH3.R1_RCBXV1.R2,600A,['RCBX']
RCBXH3.R1_RCBXV1.L5,600A,['RCBX']
RCBXH3.R1_RCBXV1.R5,600A,['RCBX']
RCBXH3.R1_RCBXV2.L1,600A,['RCBX']
RCBXH3.R1_RCBXV2.R1,600A,['RCBX']
RCBXH3.R1_RCBXV2.L2,600A,['RCBX']
RCBXH3.R1_RCBXV2.R2,600A,['RCBX']
RCBXH3.R1_RCBXV2.L5,600A,['RCBX']
RCBXH3.R1_RCBXV2.R5,600A,['RCBX']
RCBXH3.R1_RCBXV2.L8,600A,['RCBX']
RCBXH3.R1_RCBXV2.R8,600A,['RCBX']
RCBXH3.R1_RCBXV3.L1,600A,['RCBX']
RCBXH3.R1_RCBXV3.R1,600A,['RCBX']
RCBXH3.R1_RCBXV3.L2,600A,['RCBX']
RCBXH3.R1_RCBXV3.R2,600A,['RCBX']
RCBXH3.R1_RCBXV3.L5,600A,['RCBX']
RCBXH3.R1_RCBXV3.R5,600A,['RCBX']
RCBXH3.R1_RCBXV3.L8,600A,['RCBX']
RCBXH3.R1_RCBXV3.R8,600A,['RCBX']
RCBXH3.L2_RCBXV1.L1,600A,['RCBX']
RCBXH3.L2_RCBXV1.R1,600A,['RCBX']
RCBXH3.L2_RCBXV1.L2,600A,['RCBX']
RCBXH3.L2_RCBXV1.R2,600A,['RCBX']
RCBXH3.L2_RCBXV1.L5,600A,['RCBX']
RCBXH3.L2_RCBXV1.R5,600A,['RCBX']
RCBXH3.L2_RCBXV2.L1,600A,['RCBX']
RCBXH3.L2_RCBXV2.R1,600A,['RCBX']
RCBXH3.L2_RCBXV2.L2,600A,['RCBX']
RCBXH3.L2_RCBXV2.R2,600A,['RCBX']
RCBXH3.L2_RCBXV2.L5,600A,['RCBX']
RCBXH3.L2_RCBXV2.R5,600A,['RCBX']
RCBXH3.L2_RCBXV2.L8,600A,['RCBX']
RCBXH3.L2_RCBXV2.R8,600A,['RCBX']
RCBXH3.L2_RCBXV3.L1,600A,['RCBX']
RCBXH3.L2_RCBXV3.R1,600A,['RCBX']
RCBXH3.L2_RCBXV3.L2,600A,['RCBX']
RCBXH3.L2_RCBXV3.R2,600A,['RCBX']
RCBXH3.L2_RCBXV3.L5,600A,['RCBX']
RCBXH3.L2_RCBXV3.R5,600A,['RCBX']
RCBXH3.L2_RCBXV3.L8,600A,['RCBX']
RCBXH3.L2_RCBXV3.R8,600A,['RCBX']
RCBXH3.R2_RCBXV1.L1,600A,['RCBX']
RCBXH3.R2_RCBXV1.R1,600A,['RCBX']
RCBXH3.R2_RCBXV1.L2,600A,['RCBX']
RCBXH3.R2_RCBXV1.R2,600A,['RCBX']
RCBXH3.R2_RCBXV1.L5,600A,['RCBX']
RCBXH3.R2_RCBXV1.R5,600A,['RCBX']
RCBXH3.R2_RCBXV2.L1,600A,['RCBX']
RCBXH3.R2_RCBXV2.R1,600A,['RCBX']
RCBXH3.R2_RCBXV2.L2,600A,['RCBX']
RCBXH3.R2_RCBXV2.R2,600A,['RCBX']
RCBXH3.R2_RCBXV2.L5,600A,['RCBX']
RCBXH3.R2_RCBXV2.R5,600A,['RCBX']
RCBXH3.R2_RCBXV2.L8,600A,['RCBX']
RCBXH3.R2_RCBXV2.R8,600A,['RCBX']
RCBXH3.R2_RCBXV3.L1,600A,['RCBX']
RCBXH3.R2_RCBXV3.R1,600A,['RCBX']
RCBXH3.R2_RCBXV3.L2,600A,['RCBX']
RCBXH3.R2_RCBXV3.R2,600A,['RCBX']
RCBXH3.R2_RCBXV3.L5,600A,['RCBX']
RCBXH3.R2_RCBXV3.R5,600A,['RCBX']
RCBXH3.R2_RCBXV3.L8,600A,['RCBX']
RCBXH3.R2_RCBXV3.R8,600A,['RCBX']
RCBXH3.L5_RCBXV1.L1,600A,['RCBX']
RCBXH3.L5_RCBXV1.R1,600A,['RCBX']
RCBXH3.L5_RCBXV1.L2,600A,['RCBX']
RCBXH3.L5_RCBXV1.R2,600A,['RCBX']
RCBXH3.L5_RCBXV1.L5,600A,['RCBX']
RCBXH3.L5_RCBXV1.R5,600A,['RCBX']
RCBXH3.L5_RCBXV2.L1,600A,['RCBX']
RCBXH3.L5_RCBXV2.R1,600A,['RCBX']
RCBXH3.L5_RCBXV2.L2,600A,['RCBX']
RCBXH3.L5_RCBXV2.R2,600A,['RCBX']
RCBXH3.L5_RCBXV2.L5,600A,['RCBX']
RCBXH3.L5_RCBXV2.R5,600A,['RCBX']
RCBXH3.L5_RCBXV2.L8,600A,['RCBX']
RCBXH3.L5_RCBXV2.R8,600A,['RCBX']
RCBXH3.L5_RCBXV3.L1,600A,['RCBX']
RCBXH3.L5_RCBXV3.R1,600A,['RCBX']
RCBXH3.L5_RCBXV3.L2,600A,['RCBX']
RCBXH3.L5_RCBXV3.R2,600A,['RCBX']
RCBXH3.L5_RCBXV3.L5,600A,['RCBX']
RCBXH3.L5_RCBXV3.R5,600A,['RCBX']
RCBXH3.L5_RCBXV3.L8,600A,['RCBX']
RCBXH3.L5_RCBXV3.R8,600A,['RCBX']
RCBXH3.R5_RCBXV1.L1,600A,['RCBX']
RCBXH3.R5_RCBXV1.R1,600A,['RCBX']
RCBXH3.R5_RCBXV1.L2,600A,['RCBX']
RCBXH3.R5_RCBXV1.R2,600A,['RCBX']
RCBXH3.R5_RCBXV1.L5,600A,['RCBX']
RCBXH3.R5_RCBXV1.R5,600A,['RCBX']
RCBXH3.R5_RCBXV2.L1,600A,['RCBX']
RCBXH3.R5_RCBXV2.R1,600A,['RCBX']
RCBXH3.R5_RCBXV2.L2,600A,['RCBX']
RCBXH3.R5_RCBXV2.R2,600A,['RCBX']
RCBXH3.R5_RCBXV2.L5,600A,['RCBX']
RCBXH3.R5_RCBXV2.R5,600A,['RCBX']
RCBXH3.R5_RCBXV2.L8,600A,['RCBX']
RCBXH3.R5_RCBXV2.R8,600A,['RCBX']
RCBXH3.R5_RCBXV3.L1,600A,['RCBX']
RCBXH3.R5_RCBXV3.R1,600A,['RCBX']
RCBXH3.R5_RCBXV3.L2,600A,['RCBX']
RCBXH3.R5_RCBXV3.R2,600A,['RCBX']
RCBXH3.R5_RCBXV3.L5,600A,['RCBX']
RCBXH3.R5_RCBXV3.R5,600A,['RCBX']
RCBXH3.R5_RCBXV3.L8,600A,['RCBX']
RCBXH3.R5_RCBXV3.R8,600A,['RCBX']
RCBXH3.L8_RCBXV1.L1,600A,['RCBX']
RCBXH3.L8_RCBXV1.R1,600A,['RCBX']
RCBXH3.L8_RCBXV1.L2,600A,['RCBX']
RCBXH3.L8_RCBXV1.R2,600A,['RCBX']
RCBXH3.L8_RCBXV1.L5,600A,['RCBX']
RCBXH3.L8_RCBXV1.R5,600A,['RCBX']
RCBXH3.L8_RCBXV2.L1,600A,['RCBX']
RCBXH3.L8_RCBXV2.R1,600A,['RCBX']
RCBXH3.L8_RCBXV2.L2,600A,['RCBX']
RCBXH3.L8_RCBXV2.R2,600A,['RCBX']
RCBXH3.L8_RCBXV2.L5,600A,['RCBX']
RCBXH3.L8_RCBXV2.R5,600A,['RCBX']
RCBXH3.L8_RCBXV2.L8,600A,['RCBX']
RCBXH3.L8_RCBXV2.R8,600A,['RCBX']
RCBXH3.L8_RCBXV3.L1,600A,['RCBX']
RCBXH3.L8_RCBXV3.R1,600A,['RCBX']
RCBXH3.L8_RCBXV3.L2,600A,['RCBX']
RCBXH3.L8_RCBXV3.R2,600A,['RCBX']
RCBXH3.L8_RCBXV3.L5,600A,['RCBX']
RCBXH3.L8_RCBXV3.R5,600A,['RCBX']
RCBXH3.L8_RCBXV3.L8,600A,['RCBX']
RCBXH3.L8_RCBXV3.R8,600A,['RCBX']
RCBXH3.R8_RCBXV1.L1,600A,['RCBX']
RCBXH3.R8_RCBXV1.R1,600A,['RCBX']
RCBXH3.R8_RCBXV1.L2,600A,['RCBX']
RCBXH3.R8_RCBXV1.R2,600A,['RCBX']
RCBXH3.R8_RCBXV1.L5,600A,['RCBX']
RCBXH3.R8_RCBXV1.R5,600A,['RCBX']
RCBXH3.R8_RCBXV2.L1,600A,['RCBX']
RCBXH3.R8_RCBXV2.R1,600A,['RCBX']
RCBXH3.R8_RCBXV2.L2,600A,['RCBX']
RCBXH3.R8_RCBXV2.R2,600A,['RCBX']
RCBXH3.R8_RCBXV2.L5,600A,['RCBX']
RCBXH3.R8_RCBXV2.R5,600A,['RCBX']
RCBXH3.R8_RCBXV2.L8,600A,['RCBX']
RCBXH3.R8_RCBXV2.R8,600A,['RCBX']
RCBXH3.R8_RCBXV3.L1,600A,['RCBX']
RCBXH3.R8_RCBXV3.R1,600A,['RCBX']
RCBXH3.R8_RCBXV3.L2,600A,['RCBX']
RCBXH3.R8_RCBXV3.R2,600A,['RCBX']
RCBXH3.R8_RCBXV3.L5,600A,['RCBX']
RCBXH3.R8_RCBXV3.R5,600A,['RCBX']
RCBXH3.R8_RCBXV3.L8,600A,['RCBX']
RCBXH3.R8_RCBXV3.R8,600A,['RCBX']
RQX.L1,RQX,['RQX']
RQX.L2,RQX,['RQX']
RQX.R8,RQX,['RQX']
RQX.L8,RQX,['RQX']
RQX.R2,RQX,['RQX']
RQX.R1,RQX,['RQX']
RQX.R5,RQX,['RQX']
RQX.L5,RQX,['RQX']
RQD_A12,RQ,
RQF_A12,RQ,
RQD_A23,RQ,
RQF_A23,RQ,
RQD_A34,RQ,
RQF_A34,RQ,
RQD_A45,RQ,
RQF_A45,RQ,
RQD_A56,RQ,
RQF_A56,RQ,
RQD_A67,RQ,
RQF_A67,RQ,
RQD_A78,RQ,
RQF_A78,RQ,
RQD_A81,RQ,
RQF_A81,RQ,
RQD.A12,RQ,
RQD.A23,RQ,
RQD.A34,RQ,
RQD.A45,RQ,
RQD.A56,RQ,
RQD.A67,RQ,
RQD.A78,RQ,
RQD.A81,RQ,
RQF.A12,RQ,
RQF.A23,RQ,
RQF.A34,RQ,
RQF.A45,RQ,
RQF.A56,RQ,
RQF.A67,RQ,
RQF.A78,RQ,
RQF.A81,RQ,
